policy,budget,outcome,contact_rate,contacts,budget_feasible,incremental_value,ci_low,ci_high,delta_vs_propensity,delta_ci_low,delta_ci_high
propensity,0.05,visit,0.05,640,True,0.003164062500000001,-0.0011748046874999955,0.006914062500000001,0.0,0.0,0.0
propensity,0.05,spend,0.05,640,True,0.055523437500000015,-0.025242011718749978,0.14992822265625005,0.0,0.0,0.0
propensity,0.1,visit,0.1,1280,True,0.009375000000000001,0.0038613281250000045,0.015120117187500004,0.0,0.0,0.0
propensity,0.1,spend,0.1,1280,True,0.04572773437500002,-0.09133470703124998,0.16577727539062517,0.0,0.0,0.0
propensity,0.15,visit,0.15,1920,True,0.014882812500000004,0.008311523437500008,0.02112011718750001,0.0,0.0,0.0
propensity,0.15,spend,0.15,1920,True,0.06636093750000002,-0.09174231445312499,0.1978569140625,0.0,0.0,0.0
propensity,0.2,visit,0.2,2560,True,0.02015625,0.01357910156250001,0.027665039062500008,0.0,0.0,0.0
propensity,0.2,spend,0.2,2560,True,0.07626093750000003,-0.1910080664062499,0.3131894824218752,0.0,0.0,0.0
propensity,0.25,visit,0.25,3200,True,0.0209765625,0.01216406250000001,0.02906542968750001,0.0,0.0,0.0
propensity,0.25,spend,0.25,3200,True,0.14822695312500003,-0.13331100585937494,0.43119474609375,0.0,0.0,0.0
propensity,0.3,visit,0.3,3840,True,0.026250000000000006,0.017311523437500014,0.03469042968750001,0.0,0.0,0.0
propensity,0.3,spend,0.3,3840,True,0.24027539062500008,-0.10332621093749988,0.5997603515625002,0.0,0.0,0.0
propensity,0.35,visit,0.35,4480,True,0.030234375000000008,0.02026464843750002,0.03808593750000001,0.0,0.0,0.0
propensity,0.35,spend,0.35,4480,True,0.2795226562500001,-0.04285617187499992,0.6588433886718751,0.0,0.0,0.0
propensity,0.4,visit,0.4,5120,True,0.03199218750000001,0.020853515625000017,0.04019531250000001,0.0,0.0,0.0
propensity,0.4,spend,0.4,5120,True,0.3685125000000001,0.009891914062500035,0.7323329589843753,0.0,0.0,0.0
propensity,0.45,visit,0.45,5760,True,0.03480468750000001,0.02318847656250002,0.04312500000000001,0.0,0.0,0.0
propensity,0.45,spend,0.45,5760,True,0.32877773437500013,-0.058487812499999924,0.687750673828125,0.0,0.0,0.0
propensity,0.5,visit,0.5,6400,True,0.03539062500000001,0.02340527343750002,0.044885742187500015,0.0,0.0,0.0
propensity,0.5,spend,0.5,6400,True,0.40803398437500005,0.03386334960937509,0.7779129785156252,0.0,0.0,0.0
propensity,0.55,visit,0.55,7040,True,0.038789062500000006,0.02612988281250002,0.049464843750000015,0.0,0.0,0.0
propensity,0.55,spend,0.55,7040,True,0.22747734375000014,-0.23378244140624987,0.6809216015625003,0.0,0.0,0.0
propensity,0.6,visit,0.6,7680,True,0.0406640625,0.028122070312500018,0.050393554687500015,0.0,0.0,0.0
propensity,0.6,spend,0.6,7680,True,0.25924453125000013,-0.20066657226562476,0.7148153027343751,0.0,0.0,0.0
propensity,0.65,visit,0.65,8320,True,0.04417968750000001,0.031725585937500016,0.05474414062500002,0.0,0.0,0.0
propensity,0.65,spend,0.65,8320,True,0.2557300781250001,-0.2007544335937499,0.7053100195312502,0.0,0.0,0.0
propensity,0.7,visit,0.7,8960,True,0.048867187500000006,0.03527050781250002,0.06013183593750002,0.0,0.0,0.0
propensity,0.7,spend,0.7,8960,True,0.3451382812500002,-0.12682221679687491,0.8139118066406252,0.0,0.0,0.0
propensity,0.75,visit,0.75,9600,True,0.050390625,0.036896484375000024,0.06188671875000002,0.0,0.0,0.0
propensity,0.75,spend,0.75,9600,True,0.38258789062500015,-0.10576283203124978,0.8443307519531252,0.0,0.0,0.0
propensity,0.8,visit,0.8,10240,True,0.0521484375,0.03737988281250003,0.06295019531250001,0.0,0.0,0.0
propensity,0.8,spend,0.8,10240,True,0.45016054687500007,-0.07148264648437481,0.9721505859375003,0.0,0.0,0.0
propensity,0.85,visit,0.85,10880,True,0.05437500000000001,0.03995214843750004,0.06563671875000003,0.0,0.0,0.0
propensity,0.85,spend,0.85,10880,True,0.47734921875,-0.037234365234374844,1.011347783203125,0.0,0.0,0.0
propensity,0.9,visit,0.9,11520,True,0.05578125000000001,0.042729492187500044,0.06750878906250003,0.0,0.0,0.0
propensity,0.9,spend,0.9,11520,True,0.5019070312500001,-0.03714650390624984,1.0495696875,0.0,0.0,0.0
propensity,0.95,visit,0.95,12160,True,0.058007812500000006,0.044607421875000046,0.06949218750000002,0.0,0.0,0.0
propensity,0.95,spend,0.95,12160,True,0.5710382812500002,0.07283809570312538,1.1737404199218753,0.0,0.0,0.0
propensity,1.0,visit,1.0,12800,True,0.06093750000000002,0.04697753906250003,0.07277636718750002,0.0,0.0,0.0
propensity,1.0,spend,1.0,12800,True,0.6710414062500001,0.20026045898437533,1.234722099609375,0.0,0.0,0.0
uplift_tree,0.05,visit,0.05,640,True,0.00515625,0.002695312500000001,0.007620117187500001,0.001992187499999999,-0.0028183593750000014,0.006934570312500003
uplift_tree,0.05,spend,0.05,640,True,-0.023407031249999998,-0.10660312499999999,0.028950937500000003,-0.07893046875000001,-0.21905876953124997,0.027545156249999994
uplift_tree,0.1,visit,0.1,1280,True,0.0071484375,0.003512695312500002,0.010904296875000002,-0.002226562500000001,-0.008695312500000002,0.004218749999999996
uplift_tree,0.1,spend,0.1,1280,True,-0.030505078124999994,-0.13895923828125,0.027918398437500005,-0.07623281250000002,-0.268672353515625,0.08669721679687509
uplift_tree,0.15,visit,0.15,1920,True,0.0113671875,0.007494140625000002,0.015708984375000002,-0.003515625000000003,-0.010787109375000003,0.005041992187499995
uplift_tree,0.15,spend,0.15,1920,True,0.06357421875000002,-0.086808427734375,0.21166464843750005,-0.00278671875,-0.238662451171875,0.1810579394531251
uplift_tree,0.2,visit,0.2,2560,True,0.0140625,0.009137695312500003,0.019687500000000004,-0.00609375,-0.015483398437500004,0.0030585937499999984
uplift_tree,0.2,spend,0.2,2560,True,0.07422539062500003,-0.08329397460937499,0.22589504882812508,-0.002035546875000002,-0.24556306640625006,0.20656253906249994
uplift_tree,0.25,visit,0.25,3200,True,0.016640625,0.010898437500000007,0.022505859375000006,-0.004335937500000001,-0.01359375,0.006134765625000004
uplift_tree,0.25,spend,0.25,3200,True,0.07629726562500001,-0.09371329101562496,0.24295749023437502,-0.07192968750000002,-0.33475611328125,0.17983385742187502
uplift_tree,0.3,visit,0.3,3840,True,0.02109375,0.014756835937500006,0.028362304687500006,-0.005156250000000005,-0.013391601562500003,0.006339843749999993
uplift_tree,0.3,spend,0.3,3840,True,0.11745468750000003,-0.061398281249999964,0.29770403320312505,-0.12282070312500006,-0.43769009765624994,0.19805748046874988
uplift_tree,0.35,visit,0.35,4480,True,0.025312500000000005,0.01862695312500001,0.032000976562500005,-0.004921875000000003,-0.012896484375000003,0.004939453125000003
uplift_tree,0.35,spend,0.35,4480,True,0.15751640625,-0.026595087890625,0.334814150390625,-0.12200625000000012,-0.44392511718749994,0.18115385742187498
uplift_tree,0.4,visit,0.4,5120,True,0.027539062500000003,0.019913085937500012,0.03597949218750001,-0.004453125000000009,-0.012673828125000005,0.005879882812499997
uplift_tree,0.4,spend,0.4,5120,True,0.18131835937500004,-0.0017037304687499604,0.35640102539062507,-0.18719414062500003,-0.499021845703125,0.16380565429687496
uplift_tree,0.45,visit,0.45,5760,True,0.031640625,0.023654296875000008,0.03972656250000001,-0.003164062500000009,-0.011493164062500012,0.006345703124999998
uplift_tree,0.45,spend,0.45,5760,True,0.24408046875000003,0.015500449218750054,0.4520866992187503,-0.0846972656250001,-0.45707452148437505,0.303625693359375
uplift_tree,0.5,visit,0.5,6400,True,0.036796875,0.027536132812500017,0.04500585937500001,0.0014062499999999908,-0.00668554687500001,0.010781249999999989
uplift_tree,0.5,spend,0.5,6400,True,0.32506875,0.09625713867187503,0.5215206152343753,-0.08296523437500003,-0.4516551562499999,0.24511646484375016
uplift_tree,0.55,visit,0.55,7040,True,0.0371484375,0.026950195312500022,0.04606347656250001,-0.0016406250000000067,-0.009732421874999998,0.0071513671875
uplift_tree,0.55,spend,0.55,7040,True,0.47658984375,0.22141461914062507,0.7631920019531251,0.24911249999999988,-0.11052670898437492,0.6574799707031252
uplift_tree,0.6,visit,0.6,7680,True,0.0378515625,0.027298828125000025,0.047460937500000015,-0.0028125000000000025,-0.010898437499999997,0.0061054687500000085
uplift_tree,0.6,spend,0.6,7680,True,0.49017187500000003,0.21174134765625,0.7845042773437502,0.2309273437499999,-0.11506907226562502,0.7019731347656251
uplift_tree,0.65,visit,0.65,8320,True,0.04125,0.029411132812500018,0.05063378906250002,-0.002929687500000007,-0.011255859374999996,0.005642578125000002
uplift_tree,0.65,spend,0.65,8320,True,0.5250363281250001,0.20637568359374994,0.8907921386718752,0.26930625,-0.09818291015625008,0.6971937890625003
uplift_tree,0.7,visit,0.7,8960,True,0.0427734375,0.02987402343750002,0.05344335937500002,-0.006093750000000009,-0.013713867187499996,0.0016494140625000083
uplift_tree,0.7,spend,0.7,8960,True,0.5709152343750001,0.21727157226562502,0.9343507910156251,0.22577695312499996,-0.15596496093750026,0.6480095800781251
uplift_tree,0.75,visit,0.75,9600,True,0.0455859375,0.033375000000000016,0.056613281250000015,-0.004804687500000002,-0.011484374999999998,0.003049804687500005
uplift_tree,0.75,spend,0.75,9600,True,0.6608906250000001,0.3163287890625001,1.0386265136718749,0.2783027343749999,-0.07730059570312492,0.7962719824218748
uplift_tree,0.8,visit,0.8,10240,True,0.046875,0.034863281250000024,0.05859667968750002,-0.005273437499999999,-0.011953125000000009,0.0013007812499999962
uplift_tree,0.8,spend,0.8,10240,True,0.6952957031250002,0.366021240234375,1.0871359863281251,0.24513515625000015,-0.07833084960937518,0.6979055273437499
uplift_tree,0.85,visit,0.85,10880,True,0.050859375,0.03817382812500002,0.06187792968750002,-0.0035156250000000083,-0.008909179687499998,0.002932617187499994
uplift_tree,0.85,spend,0.85,10880,True,0.6099082031250002,0.17606874023437508,1.0350937500000004,0.13255898437500013,-0.13788606445312504,0.492038876953125
uplift_tree,0.9,visit,0.9,11520,True,0.0535546875,0.04183300781250002,0.06391406250000005,-0.002226562500000008,-0.006799804687500015,0.003404296874999978
uplift_tree,0.9,spend,0.9,11520,True,0.6683847656250002,0.2933245019531251,1.09363705078125,0.16647773437500002,-0.06002393554687484,0.4940080371093751
uplift_tree,0.95,visit,0.95,12160,True,0.0598828125,0.046157226562500035,0.07103613281250001,0.0018749999999999947,-0.0017607421874999976,0.00574511718749999
uplift_tree,0.95,spend,0.95,12160,True,0.7119773437500001,0.28288048828125006,1.1866308398437504,0.14093906249999988,-0.026804794921875062,0.330873486328125
uplift_tree,1.0,visit,1.0,12800,True,0.06093750000000002,0.04697753906250003,0.07277636718750002,0.0,0.0,0.0
uplift_tree,1.0,spend,1.0,12800,True,0.6710414062500001,0.20026045898437533,1.234722099609375,0.0,0.0,0.0
x_tree,0.05,visit,0.05,640,True,0.0071484375,0.003747070312500002,0.010321289062500003,0.003984374999999999,0.0003486328124999987,0.008554687499999998
x_tree,0.05,spend,0.05,640,True,0.11588437500000001,-0.015165585937499984,0.23733128906250006,0.060360937499999996,-0.053293007812499994,0.21016775390625003
x_tree,0.1,visit,0.1,1280,True,0.0151171875,0.011015625000000005,0.019458984375000002,0.005742187499999999,0.0010517578124999967,0.010672851562499999
x_tree,0.1,spend,0.1,1280,True,0.151941796875,-0.057272783203124907,0.3823289062500001,0.10621406249999998,-0.14301480468749997,0.35081950195312506
x_tree,0.15,visit,0.15,1920,True,0.0191015625,0.014408203125000005,0.024846679687500005,0.004218749999999995,-0.001886718749999998,0.009735351562500001
x_tree,0.15,spend,0.15,1920,True,0.11097421875000002,-0.15979916015624984,0.34816010742187514,0.04461328125,-0.21176800781249996,0.3080588378906251
x_tree,0.2,visit,0.2,2560,True,0.0233203125,0.017692382812500008,0.029416992187500005,0.0031640624999999985,-0.003166992187499995,0.009609374999999996
x_tree,0.2,spend,0.2,2560,True,0.20574960937500003,-0.09976959960937493,0.4953181933593751,0.12948867187500002,-0.06908715820312498,0.319840341796875
x_tree,0.25,visit,0.25,3200,True,0.0271875,0.02094433593750001,0.03340429687500001,0.0062109374999999994,-0.000717773437500002,0.013710937499999992
x_tree,0.25,spend,0.25,3200,True,0.2540671875,-0.06385423828124993,0.5757858105468749,0.10584023437499998,-0.08037922851562496,0.29755444335937514
x_tree,0.3,visit,0.3,3840,True,0.0303515625,0.024351562500000007,0.037051757812500016,0.004101562499999992,-0.003641601562499999,0.011604492187500001
x_tree,0.3,spend,0.3,3840,True,0.24844453125000002,-0.07075148437499994,0.5709033984375,0.008169140624999932,-0.2413518457031249,0.26242001953125005
x_tree,0.35,visit,0.35,4480,True,0.0333984375,0.026124023437500008,0.040432617187500006,0.003164062499999995,-0.003641601562499999,0.011604492187499992
x_tree,0.35,spend,0.35,4480,True,0.27007851562500007,-0.05164019531249988,0.5946109863281251,-0.009444140625000041,-0.2629004296875,0.24728745117187514
x_tree,0.4,visit,0.4,5120,True,0.0365625,0.02823925781250002,0.04488574218750001,0.004570312499999986,-0.0031757812500000154,0.013245117187499988
x_tree,0.4,spend,0.4,5120,True,0.2790281250000001,-0.04273860351562486,0.600638173828125,-0.08948437499999995,-0.32714138671874987,0.14550205078125014
x_tree,0.45,visit,0.45,5760,True,0.0399609375,0.03128320312500002,0.04875878906250001,0.005156249999999994,-0.0027070312500000115,0.013250976562499994
x_tree,0.45,spend,0.45,5760,True,0.30311250000000006,-0.005379462890624896,0.64913349609375,-0.025665234375000068,-0.28684004882812497,0.23685799804687502
x_tree,0.5,visit,0.5,6400,True,0.0430078125,0.033380859375000016,0.05157714843750001,0.00761718749999999,0.001045898437499992,0.014891601562499994
x_tree,0.5,spend,0.5,6400,True,0.33414609375000004,0.0241478613281251,0.6911693261718749,-0.07388789062500001,-0.32707875000000014,0.16484698242187504
x_tree,0.55,visit,0.55,7040,True,0.0427734375,0.03186621093750002,0.05192871093750002,0.003984374999999991,-0.003398437499999997,0.010918945312500001
x_tree,0.55,spend,0.55,7040,True,0.19689843750000008,-0.22149272460937489,0.565597470703125,-0.030578906250000065,-0.23027455078124995,0.18704047851562502
x_tree,0.6,visit,0.6,7680,True,0.04546875,0.03595605468750002,0.05532714843750001,0.004804687500000002,-0.0025810546875000002,0.012667968750000003
x_tree,0.6,spend,0.6,7680,True,0.2390097656250001,-0.17950013671874993,0.6082360546875002,-0.02023476562500004,-0.268702939453125,0.20317054687500008
x_tree,0.65,visit,0.65,8320,True,0.04734375,0.036665039062500016,0.057544921875000016,0.003164062499999988,-0.004456054687500002,0.0111416015625
x_tree,0.65,spend,0.65,8320,True,0.2912097656250001,-0.13072957031249985,0.6728001855468753,0.03547968750000002,-0.20066765624999996,0.24380334960937514
x_tree,0.7,visit,0.7,8960,True,0.048515625,0.03714843750000002,0.05932031250000003,-0.0003515625000000064,-0.0069199218749999986,0.0069287109374999946
x_tree,0.7,spend,0.7,8960,True,0.35812851562500014,-0.09339594726562492,0.7197149414062503,0.012990234374999965,-0.19835871093750007,0.24556113281250003
x_tree,0.75,visit,0.75,9600,True,0.0498046875,0.037957031250000016,0.061409179687500016,-0.0005859375000000014,-0.006574218750000005,0.006799804687500001
x_tree,0.75,spend,0.75,9600,True,0.36138046875000013,-0.07927300781249977,0.771683818359375,-0.02120742187500002,-0.2646404003906249,0.24649825195312491
x_tree,0.8,visit,0.8,10240,True,0.05203125,0.04135253906250002,0.06295605468750001,-0.0001171874999999975,-0.006808593750000001,0.006802734374999995
x_tree,0.8,spend,0.8,10240,True,0.48205664062500003,0.04075907226562517,0.8892021386718751,0.031896093749999965,-0.312857109375,0.2639934374999999
x_tree,0.85,visit,0.85,10880,True,0.0533203125,0.042533203125000016,0.06539062500000002,-0.0010546875000000053,-0.007034179687500003,0.004933593749999994
x_tree,0.85,spend,0.85,10880,True,0.5651824218750001,0.09764642578125014,0.9640182714843751,0.08783320312500009,-0.13808906249999958,0.3191878124999999
x_tree,0.9,visit,0.9,11520,True,0.05484375000000001,0.044024414062500024,0.06621386718750001,-0.0009375000000000008,-0.006568359375000006,0.005279296875
x_tree,0.9,spend,0.9,11520,True,0.6087246093750003,0.17356567382812507,1.04541984375,0.10681757812500015,-0.10050541992187495,0.3725427539062503
x_tree,0.95,visit,0.95,12160,True,0.05660156250000001,0.044141601562500014,0.06856054687500003,-0.0014062499999999978,-0.005156250000000001,0.0023466796874999788
x_tree,0.95,spend,0.95,12160,True,0.7088062500000002,0.26894009765625015,1.2095394726562505,0.13776796874999997,0.005569042968750032,0.30025576171874985
x_tree,1.0,visit,1.0,12800,True,0.06093750000000002,0.04697753906250003,0.07277636718750002,0.0,0.0,0.0
x_tree,1.0,spend,1.0,12800,True,0.6710414062500001,0.20026045898437533,1.234722099609375,0.0,0.0,0.0
random,0.05,visit,0.05,640,True,0.0041015625,0.0018720703125000011,0.00703125,0.0009374999999999991,-0.0031669921875000008,0.005282226562500001
random,0.05,spend,0.05,640,True,0.0953953125,0.005370703125,0.23415820312500002,0.03987187499999998,-0.10112027343749999,0.201067236328125
random,0.1,visit,0.1,1280,True,0.006796875000000001,0.0030410156250000025,0.011607421875000004,-0.0025781250000000006,-0.008677734375,0.004576171874999999
random,0.1,spend,0.1,1280,True,0.19534921875000003,0.04253686523437502,0.38342601562499995,0.149621484375,-0.06977871093749999,0.3693592675781251
random,0.15,visit,0.15,1920,True,0.0113671875,0.006424804687500005,0.016892578125000005,-0.003515625000000003,-0.010790039062500003,0.004227539062500002
random,0.15,spend,0.15,1920,True,0.206448046875,0.046229560546875,0.394686123046875,0.140087109375,-0.07257969726562502,0.34786529296874996
random,0.2,visit,0.2,2560,True,0.013945312500000003,0.008425781250000004,0.020159179687500004,-0.006210937499999998,-0.014065429687500004,0.002707031249999997
random,0.2,spend,0.2,2560,True,0.22654101562500004,0.026142128906250013,0.458177255859375,0.150280078125,-0.18817933593750003,0.46042573242187496
random,0.25,visit,0.25,3200,True,0.0167578125,0.009843750000000009,0.023794921875000003,-0.00421875,-0.012905273437500005,0.005868164062499999
random,0.25,spend,0.25,3200,True,0.19923046875000006,0.002646591796875042,0.42305745117187504,0.05100351562500002,-0.27622576171874996,0.38173986328125015
random,0.3,visit,0.3,3840,True,0.0198046875,0.013007812500000009,0.02695898437500001,-0.006445312500000005,-0.015588867187500001,0.004690429687499991
random,0.3,spend,0.3,3840,True,0.267994921875,0.031169179687500038,0.5473584082031252,0.02771953124999993,-0.3086576953124999,0.42699606445312516
random,0.35,visit,0.35,4480,True,0.021796875,0.014988281250000018,0.029551757812500013,-0.008437500000000007,-0.017109375,0.0028154296874999996
random,0.35,spend,0.35,4480,True,0.37318242187500006,0.13225315429687504,0.714427177734375,0.09365976562499995,-0.24272411132812508,0.4698115722656254
random,0.4,visit,0.4,5120,True,0.026484375,0.01872363281250001,0.03562792968750001,-0.005507812500000011,-0.01466308593750001,0.005041992187499991
random,0.4,spend,0.4,5120,True,0.46619531250000007,0.20962678710937502,0.7984286425781251,0.0976828125,-0.235699365234375,0.5691523242187501
random,0.45,visit,0.45,5760,True,0.027656250000000004,0.019318359375000017,0.03656835937500001,-0.007148437500000004,-0.01641210937500001,0.003401367187499994
random,0.45,spend,0.45,5760,True,0.3851414062500001,0.012003955078125133,0.7577342578125,0.056363671874999965,-0.24963547851562495,0.39032343750000004
random,0.5,visit,0.5,6400,True,0.0324609375,0.022702148437500017,0.04102441406250001,-0.002929687500000007,-0.011850585937500012,0.007526367187500012
random,0.5,spend,0.5,6400,True,0.42178945312500005,0.08722034179687506,0.8293207031250001,0.01375546875,-0.331060400390625,0.38904670898437504
random,0.55,visit,0.55,7040,True,0.035390625,0.025057617187500016,0.04395410156250002,-0.003398437500000004,-0.0108544921875,0.006123046875000001
random,0.55,spend,0.55,7040,True,0.4120277343750001,0.0364605761718751,0.8099466210937502,0.18455039062499998,-0.20708226562499996,0.631767421875
random,0.6,visit,0.6,7680,True,0.03937500000000001,0.02926171875000002,0.048750000000000016,-0.0012890624999999933,-0.008334960937499998,0.008091796875
random,0.6,spend,0.6,7680,True,0.4775332031250001,0.0677483203125002,0.9315913183593749,0.21828867187499995,-0.14259222656249995,0.6502342968750003
random,0.65,visit,0.65,8320,True,0.04453125,0.03490722656250002,0.054257812500000016,0.0003515624999999925,-0.008091796875000001,0.008437499999999994
random,0.65,spend,0.65,8320,True,0.49364531250000016,0.055495605468750014,1.0102754296875007,0.23791523437500006,-0.04929161132812485,0.6080887792968751
random,0.7,visit,0.7,8960,True,0.048984375,0.039585937500000015,0.05977148437500002,0.00011718749999999056,-0.007631835937499997,0.007382812499999988
random,0.7,spend,0.7,8960,True,0.5138203125000002,0.05421087890625016,1.0397908300781258,0.16868203124999998,-0.09197586914062507,0.48967532226562493
random,0.75,visit,0.75,9600,True,0.05085937500000001,0.040640625000000014,0.06119824218750002,0.0004687500000000108,-0.006799804687500001,0.007151367187500001
random,0.75,spend,0.75,9600,True,0.5445949218750001,0.08533391601562523,1.0580907128906256,0.16200703125,-0.048537421874999945,0.4621889648437501
random,0.8,visit,0.8,10240,True,0.05296875000000001,0.04236914062500002,0.06387890625000002,0.0008203125000000103,-0.0058681640624999995,0.007971679687499978
random,0.8,spend,0.8,10240,True,0.5332066406250001,0.08924762695312516,1.0581166406250004,0.08304609375000005,-0.11520149414062504,0.30600076171875024
random,0.85,visit,0.85,10880,True,0.0544921875,0.04344433593750002,0.06586816406250001,0.00011718749999999056,-0.005991210937500004,0.005627929687499985
random,0.85,spend,0.85,10880,True,0.5374769531250001,0.08653133789062525,1.0875834375000004,0.060127734375000075,-0.15823769531250023,0.2924998242187499
random,0.9,visit,0.9,11520,True,0.05835937500000001,0.046505859375000035,0.06973828125000002,0.0025781250000000006,-0.0022294921875000077,0.007737304687499995
random,0.9,spend,0.9,11520,True,0.5839582031250002,0.16678450195312522,1.1533932421875,0.0820511718750001,-0.09686411132812493,0.2832101367187503
random,0.95,visit,0.95,12160,True,0.06105468750000001,0.049192382812500025,0.07183886718750002,0.0030468750000000044,-2.9296875000135793e-06,0.0059794921874999985
random,0.95,spend,0.95,12160,True,0.5999882812500001,0.18066111328125026,1.1533932421875,0.02894999999999992,-0.12526763671875005,0.18028869140625
random,1.0,visit,1.0,12800,True,0.06093750000000002,0.04697753906250003,0.07277636718750002,0.0,0.0,0.0
random,1.0,spend,1.0,12800,True,0.6710414062500001,0.20026045898437533,1.234722099609375,0.0,0.0,0.0
no_contact,0.05,visit,0.0,0,True,0.0,0.0,0.0,-0.003164062500000001,-0.006914062500000001,0.0011748046874999964
no_contact,0.05,spend,0.0,0,True,0.0,0.0,0.0,-0.055523437500000015,-0.14992822265625,0.025242011718749978
no_contact,0.1,visit,0.0,0,True,0.0,0.0,0.0,-0.009375000000000001,-0.015120117187500004,-0.0038613281250000028
no_contact,0.1,spend,0.0,0,True,0.0,0.0,0.0,-0.04572773437500002,-0.16577727539062503,0.09133470703124998
no_contact,0.15,visit,0.0,0,True,0.0,0.0,0.0,-0.014882812500000004,-0.021120117187500006,-0.008311523437500006
no_contact,0.15,spend,0.0,0,True,0.0,0.0,0.0,-0.06636093750000002,-0.19785691406249997,0.09174231445312499
no_contact,0.2,visit,0.0,0,True,0.0,0.0,0.0,-0.02015625,-0.027665039062500004,-0.013579101562500005
no_contact,0.2,spend,0.0,0,True,0.0,0.0,0.0,-0.07626093750000003,-0.3131894824218751,0.19100806640625007
no_contact,0.25,visit,0.0,0,True,0.0,0.0,0.0,-0.0209765625,-0.02906542968750001,-0.012164062500000003
no_contact,0.25,spend,0.0,0,True,0.0,0.0,0.0,-0.14822695312500003,-0.43119474609374997,0.133311005859375
no_contact,0.3,visit,0.0,0,True,0.0,0.0,0.0,-0.026250000000000006,-0.03469042968750001,-0.017311523437500004
no_contact,0.3,spend,0.0,0,True,0.0,0.0,0.0,-0.24027539062500008,-0.5997603515625001,0.10332621093749993
no_contact,0.35,visit,0.0,0,True,0.0,0.0,0.0,-0.030234375000000008,-0.03808593750000001,-0.02026464843750002
no_contact,0.35,spend,0.0,0,True,0.0,0.0,0.0,-0.2795226562500001,-0.6588433886718751,0.04285617187500006
no_contact,0.4,visit,0.0,0,True,0.0,0.0,0.0,-0.03199218750000001,-0.04019531250000001,-0.020853515625000017
no_contact,0.4,spend,0.0,0,True,0.0,0.0,0.0,-0.3685125000000001,-0.7323329589843751,-0.009891914062499908
no_contact,0.45,visit,0.0,0,True,0.0,0.0,0.0,-0.03480468750000001,-0.04312500000000001,-0.023188476562500015
no_contact,0.45,spend,0.0,0,True,0.0,0.0,0.0,-0.32877773437500013,-0.6877506738281249,0.05848781249999997
no_contact,0.5,visit,0.0,0,True,0.0,0.0,0.0,-0.03539062500000001,-0.044885742187500015,-0.02340527343750001
no_contact,0.5,spend,0.0,0,True,0.0,0.0,0.0,-0.40803398437500005,-0.777912978515625,-0.033863349609374836
no_contact,0.55,visit,0.0,0,True,0.0,0.0,0.0,-0.038789062500000006,-0.049464843750000015,-0.02612988281250002
no_contact,0.55,spend,0.0,0,True,0.0,0.0,0.0,-0.22747734375000014,-0.6809216015625,0.23378244140624996
no_contact,0.6,visit,0.0,0,True,0.0,0.0,0.0,-0.0406640625,-0.050393554687500015,-0.028122070312500018
no_contact,0.6,spend,0.0,0,True,0.0,0.0,0.0,-0.25924453125000013,-0.7148153027343751,0.20066657226562476
no_contact,0.65,visit,0.0,0,True,0.0,0.0,0.0,-0.04417968750000001,-0.05474414062500002,-0.03172558593750001
no_contact,0.65,spend,0.0,0,True,0.0,0.0,0.0,-0.2557300781250001,-0.70531001953125,0.20075443359374992
no_contact,0.7,visit,0.0,0,True,0.0,0.0,0.0,-0.048867187500000006,-0.06013183593750002,-0.03527050781250002
no_contact,0.7,spend,0.0,0,True,0.0,0.0,0.0,-0.3451382812500002,-0.813911806640625,0.12682221679687522
no_contact,0.75,visit,0.0,0,True,0.0,0.0,0.0,-0.050390625,-0.06188671875000002,-0.03689648437500002
no_contact,0.75,spend,0.0,0,True,0.0,0.0,0.0,-0.38258789062500015,-0.8443307519531251,0.10576283203124988
no_contact,0.8,visit,0.0,0,True,0.0,0.0,0.0,-0.0521484375,-0.06295019531250001,-0.03737988281250003
no_contact,0.8,spend,0.0,0,True,0.0,0.0,0.0,-0.45016054687500007,-0.9721505859375,0.07148264648437497
no_contact,0.85,visit,0.0,0,True,0.0,0.0,0.0,-0.05437500000000001,-0.06563671875000003,-0.03995214843750004
no_contact,0.85,spend,0.0,0,True,0.0,0.0,0.0,-0.47734921875,-1.0113477832031248,0.037234365234375
no_contact,0.9,visit,0.0,0,True,0.0,0.0,0.0,-0.05578125000000001,-0.06750878906250003,-0.04272949218750004
no_contact,0.9,spend,0.0,0,True,0.0,0.0,0.0,-0.5019070312500001,-1.0495696874999998,0.037146503906249975
no_contact,0.95,visit,0.0,0,True,0.0,0.0,0.0,-0.058007812500000006,-0.06949218750000002,-0.04460742187500004
no_contact,0.95,spend,0.0,0,True,0.0,0.0,0.0,-0.5710382812500002,-1.1737404199218753,-0.07283809570312529
no_contact,1.0,visit,0.0,0,True,0.0,0.0,0.0,-0.06093750000000002,-0.07277636718750002,-0.04697753906250003
no_contact,1.0,spend,0.0,0,True,0.0,0.0,0.0,-0.6710414062500001,-1.234722099609375,-0.20026045898437528
treat_all,0.05,visit,1.0,12800,False,0.06093750000000002,0.04697753906250003,0.07277636718750002,0.05777343750000002,0.04520507812500004,0.06999023437500003
treat_all,0.05,spend,1.0,12800,False,0.6710414062500001,0.20026045898437533,1.234722099609375,0.6155179687500001,0.17608417968750012,1.1513922949218756
treat_all,0.1,visit,1.0,12800,False,0.06093750000000002,0.04697753906250003,0.07277636718750002,0.05156250000000002,0.04028320312500003,0.06469042968750001
treat_all,0.1,spend,1.0,12800,False,0.6710414062500001,0.20026045898437533,1.234722099609375,0.6253136718750001,0.16209770507812524,1.1646234960937505
treat_all,0.15,visit,1.0,12800,False,0.06093750000000002,0.04697753906250003,0.07277636718750002,0.04605468750000002,0.03351562500000003,0.05848535156250001
treat_all,0.15,spend,1.0,12800,False,0.6710414062500001,0.20026045898437533,1.234722099609375,0.60468046875,0.13272079101562514,1.1372569628906255
treat_all,0.2,visit,1.0,12800,False,0.06093750000000002,0.04697753906250003,0.07277636718750002,0.04078125000000002,0.028119140625000035,0.05191699218750001
treat_all,0.2,spend,1.0,12800,False,0.6710414062500001,0.20026045898437533,1.234722099609375,0.59478046875,0.1522295507812502,1.0458955078124998
treat_all,0.25,visit,1.0,12800,False,0.06093750000000002,0.04697753906250003,0.07277636718750002,0.039960937500000016,0.028924804687500034,0.05051953125000001
treat_all,0.25,spend,1.0,12800,False,0.6710414062500001,0.20026045898437533,1.234722099609375,0.5228144531250001,0.08399610351562518,0.9589037402343751
treat_all,0.3,visit,1.0,12800,False,0.06093750000000002,0.04697753906250003,0.07277636718750002,0.03468750000000001,0.024489257812500016,0.04488574218750002
treat_all,0.3,spend,1.0,12800,False,0.6710414062500001,0.20026045898437533,1.234722099609375,0.430766015625,0.024609199218750093,0.7996949414062502
treat_all,0.35,visit,1.0,12800,False,0.06093750000000002,0.04697753906250003,0.07277636718750002,0.03070312500000001,0.020958984375000017,0.040913085937500024
treat_all,0.35,spend,1.0,12800,False,0.6710414062500001,0.20026045898437533,1.234722099609375,0.39151874999999997,0.0035672460937500863,0.73970080078125
treat_all,0.4,visit,1.0,12800,False,0.06093750000000002,0.04697753906250003,0.07277636718750002,0.028945312500000007,0.019212890625000013,0.03692285156250001
treat_all,0.4,spend,1.0,12800,False,0.6710414062500001,0.20026045898437533,1.234722099609375,0.30252890625,-0.11967539062499982,0.6680816308593749
treat_all,0.45,visit,1.0,12800,False,0.06093750000000002,0.04697753906250003,0.07277636718750002,0.026132812500000012,0.016634765625000027,0.03411621093750001
treat_all,0.45,spend,1.0,12800,False,0.6710414062500001,0.20026045898437533,1.234722099609375,0.34226367187499995,-0.04567040039062483,0.6525355078125002
treat_all,0.5,visit,1.0,12800,False,0.06093750000000002,0.04697753906250003,0.07277636718750002,0.02554687500000001,0.017689453125000025,0.03328125000000001
treat_all,0.5,spend,1.0,12800,False,0.6710414062500001,0.20026045898437533,1.234722099609375,0.26300742187500004,-0.1127328515624999,0.57741931640625
treat_all,0.55,visit,1.0,12800,False,0.06093750000000002,0.04697753906250003,0.07277636718750002,0.022148437500000014,0.015459960937500017,0.02871386718750002
treat_all,0.55,spend,1.0,12800,False,0.6710414062500001,0.20026045898437533,1.234722099609375,0.4435640624999999,0.19330142578125,0.727443193359375
treat_all,0.6,visit,1.0,12800,False,0.06093750000000002,0.04697753906250003,0.07277636718750002,0.02027343750000002,0.014176757812500017,0.026604492187500016
treat_all,0.6,spend,1.0,12800,False,0.6710414062500001,0.20026045898437533,1.234722099609375,0.41179687499999995,0.15967769531250015,0.700502724609375
treat_all,0.65,visit,1.0,12800,False,0.06093750000000002,0.04697753906250003,0.07277636718750002,0.01675781250000001,0.010420898437500013,0.02356054687500002
treat_all,0.65,spend,1.0,12800,False,0.6710414062500001,0.20026045898437533,1.234722099609375,0.415311328125,0.15572674804687495,0.71447267578125
treat_all,0.7,visit,1.0,12800,False,0.06093750000000002,0.04697753906250003,0.07277636718750002,0.012070312500000013,0.006670898437500018,0.017472656250000013
treat_all,0.7,spend,1.0,12800,False,0.6710414062500001,0.20026045898437533,1.234722099609375,0.3259031249999999,0.1032121875000001,0.5859158203124999
treat_all,0.75,visit,1.0,12800,False,0.06093750000000002,0.04697753906250003,0.07277636718750002,0.010546875000000018,0.005970703125000018,0.01547167968750001
treat_all,0.75,spend,1.0,12800,False,0.6710414062500001,0.20026045898437533,1.234722099609375,0.28845351562499993,0.12408741210937509,0.513803466796875
treat_all,0.8,visit,1.0,12800,False,0.06093750000000002,0.04697753906250003,0.07277636718750002,0.00878906250000002,0.0048046875000000225,0.012665039062500017
treat_all,0.8,spend,1.0,12800,False,0.6710414062500001,0.20026045898437533,1.234722099609375,0.22088085937500002,0.07989125976562507,0.4051527246093748
treat_all,0.85,visit,1.0,12800,False,0.06093750000000002,0.04697753906250003,0.07277636718750002,0.006562500000000013,0.002926757812500027,0.010664062500000002
treat_all,0.85,spend,1.0,12800,False,0.6710414062500001,0.20026045898437533,1.234722099609375,0.19369218750000006,0.0724513476562499,0.3811152246093752
treat_all,0.9,visit,1.0,12800,False,0.06093750000000002,0.04697753906250003,0.07277636718750002,0.005156250000000008,0.0025781250000000075,0.007971679687500004
treat_all,0.9,spend,1.0,12800,False,0.6710414062500001,0.20026045898437533,1.234722099609375,0.16913437499999995,0.04486743164062484,0.336151083984375
treat_all,0.95,visit,1.0,12800,False,0.06093750000000002,0.04697753906250003,0.07277636718750002,0.002929687500000014,0.0014062499999999978,0.004335937499999998
treat_all,0.95,spend,1.0,12800,False,0.6710414062500001,0.20026045898437533,1.234722099609375,0.10000312499999986,0.013873828125000043,0.21288914062500014
treat_all,1.0,visit,1.0,12800,True,0.06093750000000002,0.04697753906250003,0.07277636718750002,0.0,0.0,0.0
treat_all,1.0,spend,1.0,12800,True,0.6710414062500001,0.20026045898437533,1.234722099609375,0.0,0.0,0.0
