policy,budget,outcome,no_email_rate,mens_rate,womens_rate,contact_rate,budget_feasible,incremental_value,ci_low,ci_high
all_no_email,0.05,visit,1.0,0.0,0.0,0.0,True,0.0,0.0,0.0
all_no_email,0.05,conversion,1.0,0.0,0.0,0.0,True,0.0,0.0,0.0
all_no_email,0.05,spend,1.0,0.0,0.0,0.0,True,0.0,0.0,0.0
all_no_email,0.1,visit,1.0,0.0,0.0,0.0,True,0.0,0.0,0.0
all_no_email,0.1,conversion,1.0,0.0,0.0,0.0,True,0.0,0.0,0.0
all_no_email,0.1,spend,1.0,0.0,0.0,0.0,True,0.0,0.0,0.0
all_no_email,0.15,visit,1.0,0.0,0.0,0.0,True,0.0,0.0,0.0
all_no_email,0.15,conversion,1.0,0.0,0.0,0.0,True,0.0,0.0,0.0
all_no_email,0.15,spend,1.0,0.0,0.0,0.0,True,0.0,0.0,0.0
all_no_email,0.2,visit,1.0,0.0,0.0,0.0,True,0.0,0.0,0.0
all_no_email,0.2,conversion,1.0,0.0,0.0,0.0,True,0.0,0.0,0.0
all_no_email,0.2,spend,1.0,0.0,0.0,0.0,True,0.0,0.0,0.0
all_no_email,0.25,visit,1.0,0.0,0.0,0.0,True,0.0,0.0,0.0
all_no_email,0.25,conversion,1.0,0.0,0.0,0.0,True,0.0,0.0,0.0
all_no_email,0.25,spend,1.0,0.0,0.0,0.0,True,0.0,0.0,0.0
all_no_email,0.3,visit,1.0,0.0,0.0,0.0,True,0.0,0.0,0.0
all_no_email,0.3,conversion,1.0,0.0,0.0,0.0,True,0.0,0.0,0.0
all_no_email,0.3,spend,1.0,0.0,0.0,0.0,True,0.0,0.0,0.0
all_no_email,0.35,visit,1.0,0.0,0.0,0.0,True,0.0,0.0,0.0
all_no_email,0.35,conversion,1.0,0.0,0.0,0.0,True,0.0,0.0,0.0
all_no_email,0.35,spend,1.0,0.0,0.0,0.0,True,0.0,0.0,0.0
all_no_email,0.4,visit,1.0,0.0,0.0,0.0,True,0.0,0.0,0.0
all_no_email,0.4,conversion,1.0,0.0,0.0,0.0,True,0.0,0.0,0.0
all_no_email,0.4,spend,1.0,0.0,0.0,0.0,True,0.0,0.0,0.0
all_no_email,0.45,visit,1.0,0.0,0.0,0.0,True,0.0,0.0,0.0
all_no_email,0.45,conversion,1.0,0.0,0.0,0.0,True,0.0,0.0,0.0
all_no_email,0.45,spend,1.0,0.0,0.0,0.0,True,0.0,0.0,0.0
all_no_email,0.5,visit,1.0,0.0,0.0,0.0,True,0.0,0.0,0.0
all_no_email,0.5,conversion,1.0,0.0,0.0,0.0,True,0.0,0.0,0.0
all_no_email,0.5,spend,1.0,0.0,0.0,0.0,True,0.0,0.0,0.0
all_no_email,0.55,visit,1.0,0.0,0.0,0.0,True,0.0,0.0,0.0
all_no_email,0.55,conversion,1.0,0.0,0.0,0.0,True,0.0,0.0,0.0
all_no_email,0.55,spend,1.0,0.0,0.0,0.0,True,0.0,0.0,0.0
all_no_email,0.6,visit,1.0,0.0,0.0,0.0,True,0.0,0.0,0.0
all_no_email,0.6,conversion,1.0,0.0,0.0,0.0,True,0.0,0.0,0.0
all_no_email,0.6,spend,1.0,0.0,0.0,0.0,True,0.0,0.0,0.0
all_no_email,0.65,visit,1.0,0.0,0.0,0.0,True,0.0,0.0,0.0
all_no_email,0.65,conversion,1.0,0.0,0.0,0.0,True,0.0,0.0,0.0
all_no_email,0.65,spend,1.0,0.0,0.0,0.0,True,0.0,0.0,0.0
all_no_email,0.7,visit,1.0,0.0,0.0,0.0,True,0.0,0.0,0.0
all_no_email,0.7,conversion,1.0,0.0,0.0,0.0,True,0.0,0.0,0.0
all_no_email,0.7,spend,1.0,0.0,0.0,0.0,True,0.0,0.0,0.0
all_no_email,0.75,visit,1.0,0.0,0.0,0.0,True,0.0,0.0,0.0
all_no_email,0.75,conversion,1.0,0.0,0.0,0.0,True,0.0,0.0,0.0
all_no_email,0.75,spend,1.0,0.0,0.0,0.0,True,0.0,0.0,0.0
all_no_email,0.8,visit,1.0,0.0,0.0,0.0,True,0.0,0.0,0.0
all_no_email,0.8,conversion,1.0,0.0,0.0,0.0,True,0.0,0.0,0.0
all_no_email,0.8,spend,1.0,0.0,0.0,0.0,True,0.0,0.0,0.0
all_no_email,0.85,visit,1.0,0.0,0.0,0.0,True,0.0,0.0,0.0
all_no_email,0.85,conversion,1.0,0.0,0.0,0.0,True,0.0,0.0,0.0
all_no_email,0.85,spend,1.0,0.0,0.0,0.0,True,0.0,0.0,0.0
all_no_email,0.9,visit,1.0,0.0,0.0,0.0,True,0.0,0.0,0.0
all_no_email,0.9,conversion,1.0,0.0,0.0,0.0,True,0.0,0.0,0.0
all_no_email,0.9,spend,1.0,0.0,0.0,0.0,True,0.0,0.0,0.0
all_no_email,0.95,visit,1.0,0.0,0.0,0.0,True,0.0,0.0,0.0
all_no_email,0.95,conversion,1.0,0.0,0.0,0.0,True,0.0,0.0,0.0
all_no_email,0.95,spend,1.0,0.0,0.0,0.0,True,0.0,0.0,0.0
all_no_email,1.0,visit,1.0,0.0,0.0,0.0,True,0.0,0.0,0.0
all_no_email,1.0,conversion,1.0,0.0,0.0,0.0,True,0.0,0.0,0.0
all_no_email,1.0,spend,1.0,0.0,0.0,0.0,True,0.0,0.0,0.0
all_mens,0.05,visit,0.0,1.0,0.0,1.0,False,0.07640625,0.063861328125,0.08861718749999999
all_mens,0.05,conversion,0.0,1.0,0.0,1.0,False,0.00703125,0.003615234375,0.010078125
all_mens,0.05,spend,0.0,1.0,0.0,1.0,False,0.8287664062500001,0.256423828125,1.5075486914062497
all_mens,0.1,visit,0.0,1.0,0.0,1.0,False,0.07640625,0.063861328125,0.08861718749999999
all_mens,0.1,conversion,0.0,1.0,0.0,1.0,False,0.00703125,0.003615234375,0.010078125
all_mens,0.1,spend,0.0,1.0,0.0,1.0,False,0.8287664062500001,0.256423828125,1.5075486914062497
all_mens,0.15,visit,0.0,1.0,0.0,1.0,False,0.07640625,0.063861328125,0.08861718749999999
all_mens,0.15,conversion,0.0,1.0,0.0,1.0,False,0.00703125,0.003615234375,0.010078125
all_mens,0.15,spend,0.0,1.0,0.0,1.0,False,0.8287664062500001,0.256423828125,1.5075486914062497
all_mens,0.2,visit,0.0,1.0,0.0,1.0,False,0.07640625,0.063861328125,0.08861718749999999
all_mens,0.2,conversion,0.0,1.0,0.0,1.0,False,0.00703125,0.003615234375,0.010078125
all_mens,0.2,spend,0.0,1.0,0.0,1.0,False,0.8287664062500001,0.256423828125,1.5075486914062497
all_mens,0.25,visit,0.0,1.0,0.0,1.0,False,0.07640625,0.063861328125,0.08861718749999999
all_mens,0.25,conversion,0.0,1.0,0.0,1.0,False,0.00703125,0.003615234375,0.010078125
all_mens,0.25,spend,0.0,1.0,0.0,1.0,False,0.8287664062500001,0.256423828125,1.5075486914062497
all_mens,0.3,visit,0.0,1.0,0.0,1.0,False,0.07640625,0.063861328125,0.08861718749999999
all_mens,0.3,conversion,0.0,1.0,0.0,1.0,False,0.00703125,0.003615234375,0.010078125
all_mens,0.3,spend,0.0,1.0,0.0,1.0,False,0.8287664062500001,0.256423828125,1.5075486914062497
all_mens,0.35,visit,0.0,1.0,0.0,1.0,False,0.07640625,0.063861328125,0.08861718749999999
all_mens,0.35,conversion,0.0,1.0,0.0,1.0,False,0.00703125,0.003615234375,0.010078125
all_mens,0.35,spend,0.0,1.0,0.0,1.0,False,0.8287664062500001,0.256423828125,1.5075486914062497
all_mens,0.4,visit,0.0,1.0,0.0,1.0,False,0.07640625,0.063861328125,0.08861718749999999
all_mens,0.4,conversion,0.0,1.0,0.0,1.0,False,0.00703125,0.003615234375,0.010078125
all_mens,0.4,spend,0.0,1.0,0.0,1.0,False,0.8287664062500001,0.256423828125,1.5075486914062497
all_mens,0.45,visit,0.0,1.0,0.0,1.0,False,0.07640625,0.063861328125,0.08861718749999999
all_mens,0.45,conversion,0.0,1.0,0.0,1.0,False,0.00703125,0.003615234375,0.010078125
all_mens,0.45,spend,0.0,1.0,0.0,1.0,False,0.8287664062500001,0.256423828125,1.5075486914062497
all_mens,0.5,visit,0.0,1.0,0.0,1.0,False,0.07640625,0.063861328125,0.08861718749999999
all_mens,0.5,conversion,0.0,1.0,0.0,1.0,False,0.00703125,0.003615234375,0.010078125
all_mens,0.5,spend,0.0,1.0,0.0,1.0,False,0.8287664062500001,0.256423828125,1.5075486914062497
all_mens,0.55,visit,0.0,1.0,0.0,1.0,False,0.07640625,0.063861328125,0.08861718749999999
all_mens,0.55,conversion,0.0,1.0,0.0,1.0,False,0.00703125,0.003615234375,0.010078125
all_mens,0.55,spend,0.0,1.0,0.0,1.0,False,0.8287664062500001,0.256423828125,1.5075486914062497
all_mens,0.6,visit,0.0,1.0,0.0,1.0,False,0.07640625,0.063861328125,0.08861718749999999
all_mens,0.6,conversion,0.0,1.0,0.0,1.0,False,0.00703125,0.003615234375,0.010078125
all_mens,0.6,spend,0.0,1.0,0.0,1.0,False,0.8287664062500001,0.256423828125,1.5075486914062497
all_mens,0.65,visit,0.0,1.0,0.0,1.0,False,0.07640625,0.063861328125,0.08861718749999999
all_mens,0.65,conversion,0.0,1.0,0.0,1.0,False,0.00703125,0.003615234375,0.010078125
all_mens,0.65,spend,0.0,1.0,0.0,1.0,False,0.8287664062500001,0.256423828125,1.5075486914062497
all_mens,0.7,visit,0.0,1.0,0.0,1.0,False,0.07640625,0.063861328125,0.08861718749999999
all_mens,0.7,conversion,0.0,1.0,0.0,1.0,False,0.00703125,0.003615234375,0.010078125
all_mens,0.7,spend,0.0,1.0,0.0,1.0,False,0.8287664062500001,0.256423828125,1.5075486914062497
all_mens,0.75,visit,0.0,1.0,0.0,1.0,False,0.07640625,0.063861328125,0.08861718749999999
all_mens,0.75,conversion,0.0,1.0,0.0,1.0,False,0.00703125,0.003615234375,0.010078125
all_mens,0.75,spend,0.0,1.0,0.0,1.0,False,0.8287664062500001,0.256423828125,1.5075486914062497
all_mens,0.8,visit,0.0,1.0,0.0,1.0,False,0.07640625,0.063861328125,0.08861718749999999
all_mens,0.8,conversion,0.0,1.0,0.0,1.0,False,0.00703125,0.003615234375,0.010078125
all_mens,0.8,spend,0.0,1.0,0.0,1.0,False,0.8287664062500001,0.256423828125,1.5075486914062497
all_mens,0.85,visit,0.0,1.0,0.0,1.0,False,0.07640625,0.063861328125,0.08861718749999999
all_mens,0.85,conversion,0.0,1.0,0.0,1.0,False,0.00703125,0.003615234375,0.010078125
all_mens,0.85,spend,0.0,1.0,0.0,1.0,False,0.8287664062500001,0.256423828125,1.5075486914062497
all_mens,0.9,visit,0.0,1.0,0.0,1.0,False,0.07640625,0.063861328125,0.08861718749999999
all_mens,0.9,conversion,0.0,1.0,0.0,1.0,False,0.00703125,0.003615234375,0.010078125
all_mens,0.9,spend,0.0,1.0,0.0,1.0,False,0.8287664062500001,0.256423828125,1.5075486914062497
all_mens,0.95,visit,0.0,1.0,0.0,1.0,False,0.07640625,0.063861328125,0.08861718749999999
all_mens,0.95,conversion,0.0,1.0,0.0,1.0,False,0.00703125,0.003615234375,0.010078125
all_mens,0.95,spend,0.0,1.0,0.0,1.0,False,0.8287664062500001,0.256423828125,1.5075486914062497
all_mens,1.0,visit,0.0,1.0,0.0,1.0,True,0.07640625,0.063861328125,0.08861718749999999
all_mens,1.0,conversion,0.0,1.0,0.0,1.0,True,0.00703125,0.003615234375,0.010078125
all_mens,1.0,spend,0.0,1.0,0.0,1.0,True,0.8287664062500001,0.256423828125,1.5075486914062497
all_womens,0.05,visit,0.0,0.0,1.0,1.0,False,0.04546875,0.0334921875,0.0590625
all_womens,0.05,conversion,0.0,0.0,1.0,1.0,False,0.003984375,0.00046875,0.0075
all_womens,0.05,spend,0.0,0.0,1.0,1.0,False,0.51331640625,-0.011462519531250024,1.1025710742187498
all_womens,0.1,visit,0.0,0.0,1.0,1.0,False,0.04546875,0.0334921875,0.0590625
all_womens,0.1,conversion,0.0,0.0,1.0,1.0,False,0.003984375,0.00046875,0.0075
all_womens,0.1,spend,0.0,0.0,1.0,1.0,False,0.51331640625,-0.011462519531250024,1.1025710742187498
all_womens,0.15,visit,0.0,0.0,1.0,1.0,False,0.04546875,0.0334921875,0.0590625
all_womens,0.15,conversion,0.0,0.0,1.0,1.0,False,0.003984375,0.00046875,0.0075
all_womens,0.15,spend,0.0,0.0,1.0,1.0,False,0.51331640625,-0.011462519531250024,1.1025710742187498
all_womens,0.2,visit,0.0,0.0,1.0,1.0,False,0.04546875,0.0334921875,0.0590625
all_womens,0.2,conversion,0.0,0.0,1.0,1.0,False,0.003984375,0.00046875,0.0075
all_womens,0.2,spend,0.0,0.0,1.0,1.0,False,0.51331640625,-0.011462519531250024,1.1025710742187498
all_womens,0.25,visit,0.0,0.0,1.0,1.0,False,0.04546875,0.0334921875,0.0590625
all_womens,0.25,conversion,0.0,0.0,1.0,1.0,False,0.003984375,0.00046875,0.0075
all_womens,0.25,spend,0.0,0.0,1.0,1.0,False,0.51331640625,-0.011462519531250024,1.1025710742187498
all_womens,0.3,visit,0.0,0.0,1.0,1.0,False,0.04546875,0.0334921875,0.0590625
all_womens,0.3,conversion,0.0,0.0,1.0,1.0,False,0.003984375,0.00046875,0.0075
all_womens,0.3,spend,0.0,0.0,1.0,1.0,False,0.51331640625,-0.011462519531250024,1.1025710742187498
all_womens,0.35,visit,0.0,0.0,1.0,1.0,False,0.04546875,0.0334921875,0.0590625
all_womens,0.35,conversion,0.0,0.0,1.0,1.0,False,0.003984375,0.00046875,0.0075
all_womens,0.35,spend,0.0,0.0,1.0,1.0,False,0.51331640625,-0.011462519531250024,1.1025710742187498
all_womens,0.4,visit,0.0,0.0,1.0,1.0,False,0.04546875,0.0334921875,0.0590625
all_womens,0.4,conversion,0.0,0.0,1.0,1.0,False,0.003984375,0.00046875,0.0075
all_womens,0.4,spend,0.0,0.0,1.0,1.0,False,0.51331640625,-0.011462519531250024,1.1025710742187498
all_womens,0.45,visit,0.0,0.0,1.0,1.0,False,0.04546875,0.0334921875,0.0590625
all_womens,0.45,conversion,0.0,0.0,1.0,1.0,False,0.003984375,0.00046875,0.0075
all_womens,0.45,spend,0.0,0.0,1.0,1.0,False,0.51331640625,-0.011462519531250024,1.1025710742187498
all_womens,0.5,visit,0.0,0.0,1.0,1.0,False,0.04546875,0.0334921875,0.0590625
all_womens,0.5,conversion,0.0,0.0,1.0,1.0,False,0.003984375,0.00046875,0.0075
all_womens,0.5,spend,0.0,0.0,1.0,1.0,False,0.51331640625,-0.011462519531250024,1.1025710742187498
all_womens,0.55,visit,0.0,0.0,1.0,1.0,False,0.04546875,0.0334921875,0.0590625
all_womens,0.55,conversion,0.0,0.0,1.0,1.0,False,0.003984375,0.00046875,0.0075
all_womens,0.55,spend,0.0,0.0,1.0,1.0,False,0.51331640625,-0.011462519531250024,1.1025710742187498
all_womens,0.6,visit,0.0,0.0,1.0,1.0,False,0.04546875,0.0334921875,0.0590625
all_womens,0.6,conversion,0.0,0.0,1.0,1.0,False,0.003984375,0.00046875,0.0075
all_womens,0.6,spend,0.0,0.0,1.0,1.0,False,0.51331640625,-0.011462519531250024,1.1025710742187498
all_womens,0.65,visit,0.0,0.0,1.0,1.0,False,0.04546875,0.0334921875,0.0590625
all_womens,0.65,conversion,0.0,0.0,1.0,1.0,False,0.003984375,0.00046875,0.0075
all_womens,0.65,spend,0.0,0.0,1.0,1.0,False,0.51331640625,-0.011462519531250024,1.1025710742187498
all_womens,0.7,visit,0.0,0.0,1.0,1.0,False,0.04546875,0.0334921875,0.0590625
all_womens,0.7,conversion,0.0,0.0,1.0,1.0,False,0.003984375,0.00046875,0.0075
all_womens,0.7,spend,0.0,0.0,1.0,1.0,False,0.51331640625,-0.011462519531250024,1.1025710742187498
all_womens,0.75,visit,0.0,0.0,1.0,1.0,False,0.04546875,0.0334921875,0.0590625
all_womens,0.75,conversion,0.0,0.0,1.0,1.0,False,0.003984375,0.00046875,0.0075
all_womens,0.75,spend,0.0,0.0,1.0,1.0,False,0.51331640625,-0.011462519531250024,1.1025710742187498
all_womens,0.8,visit,0.0,0.0,1.0,1.0,False,0.04546875,0.0334921875,0.0590625
all_womens,0.8,conversion,0.0,0.0,1.0,1.0,False,0.003984375,0.00046875,0.0075
all_womens,0.8,spend,0.0,0.0,1.0,1.0,False,0.51331640625,-0.011462519531250024,1.1025710742187498
all_womens,0.85,visit,0.0,0.0,1.0,1.0,False,0.04546875,0.0334921875,0.0590625
all_womens,0.85,conversion,0.0,0.0,1.0,1.0,False,0.003984375,0.00046875,0.0075
all_womens,0.85,spend,0.0,0.0,1.0,1.0,False,0.51331640625,-0.011462519531250024,1.1025710742187498
all_womens,0.9,visit,0.0,0.0,1.0,1.0,False,0.04546875,0.0334921875,0.0590625
all_womens,0.9,conversion,0.0,0.0,1.0,1.0,False,0.003984375,0.00046875,0.0075
all_womens,0.9,spend,0.0,0.0,1.0,1.0,False,0.51331640625,-0.011462519531250024,1.1025710742187498
all_womens,0.95,visit,0.0,0.0,1.0,1.0,False,0.04546875,0.0334921875,0.0590625
all_womens,0.95,conversion,0.0,0.0,1.0,1.0,False,0.003984375,0.00046875,0.0075
all_womens,0.95,spend,0.0,0.0,1.0,1.0,False,0.51331640625,-0.011462519531250024,1.1025710742187498
all_womens,1.0,visit,0.0,0.0,1.0,1.0,True,0.04546875,0.0334921875,0.0590625
all_womens,1.0,conversion,0.0,0.0,1.0,1.0,True,0.003984375,0.00046875,0.0075
all_womens,1.0,spend,0.0,0.0,1.0,1.0,True,0.51331640625,-0.011462519531250024,1.1025710742187498
random,0.05,visit,0.95,0.027265625,0.022734375,0.05,True,0.004921875,0.002220703125,0.008560546874999998
random,0.05,conversion,0.95,0.027265625,0.022734375,0.05,True,0.000703125,0.0,0.001640625
random,0.05,spend,0.95,0.027265625,0.022734375,0.05,True,0.050130468750000004,0.0,0.14490410156249964
random,0.1,visit,0.9,0.04953125,0.05046875,0.1,True,0.0084375,0.003861328125,0.013248046874999997
random,0.1,conversion,0.9,0.04953125,0.05046875,0.1,True,0.001171875,-0.000234375,0.0030585937499999958
random,0.1,spend,0.9,0.04953125,0.05046875,0.1,True,0.0575578125,-0.065292890625,0.20128171874999992
random,0.15,visit,0.85,0.076796875,0.073203125,0.15,True,0.015,0.008203125,0.018873046874999997
random,0.15,conversion,0.85,0.076796875,0.073203125,0.15,True,0.0,-0.00140625,0.001294921874999998
random,0.15,spend,0.85,0.076796875,0.073203125,0.15,True,0.04043906250000001,-0.18194525390625,0.28522060546874983
random,0.2,visit,0.8,0.0990625,0.1009375,0.2,True,0.015,0.008068359375,0.020636718749999994
random,0.2,conversion,0.8,0.0990625,0.1009375,0.2,True,0.000234375,-0.0015292968749999998,0.001875
random,0.2,spend,0.8,0.0990625,0.1009375,0.2,True,-0.049279687500000016,-0.35261033203125,0.20951496093749997
random,0.25,visit,0.75,0.1253125,0.1246875,0.25,True,0.009140625,0.001171875,0.017824218749999995
random,0.25,conversion,0.75,0.1253125,0.1246875,0.25,True,0.000703125,-0.00141796875,0.001875
random,0.25,spend,0.75,0.1253125,0.1246875,0.25,True,0.1060359375,-0.11554787109375,0.30797009765625
random,0.3,visit,0.7,0.14921875,0.15078125,0.3,True,0.0178125,0.01147265625,0.02616210937499999
random,0.3,conversion,0.7,0.14921875,0.15078125,0.3,True,0.00140625,-0.000234375,0.003046875
random,0.3,spend,0.7,0.14921875,0.15078125,0.3,True,0.15556875,-0.1029690234375,0.5066005078125
random,0.35,visit,0.65,0.173828125,0.176171875,0.35,True,0.020625,0.012029296875,0.03046289062499996
random,0.35,conversion,0.65,0.173828125,0.176171875,0.35,True,0.00140625,-0.00012304687499999997,0.003515625
random,0.35,spend,0.65,0.173828125,0.176171875,0.35,True,0.2757,-0.10532326171874999,0.7749851367187496
random,0.4,visit,0.6,0.20046875,0.19953125,0.4,True,0.022734375,0.012017578125,0.0309375
random,0.4,conversion,0.6,0.20046875,0.19953125,0.4,True,0.0009375,-0.00140625,0.002935546874999998
random,0.4,spend,0.6,0.20046875,0.19953125,0.4,True,0.11942109375000001,-0.33445863281250005,0.5381458593749999
random,0.45,visit,0.55,0.22703125,0.22296875,0.45,True,0.027421875,0.01640625,0.037623046874999996
random,0.45,conversion,0.55,0.22703125,0.22296875,0.45,True,0.00140625,-0.000703125,0.003638671874999998
random,0.45,spend,0.55,0.22703125,0.22296875,0.45,True,0.30254531250000005,-0.11751017578124993,0.7992382617187492
random,0.5,visit,0.5,0.252109375,0.247890625,0.5,True,0.026484375,0.017220703125,0.03838476562499998
random,0.5,conversion,0.5,0.252109375,0.247890625,0.5,True,0.0028125,0.00046875,0.0057480468749999975
random,0.5,spend,0.5,0.252109375,0.247890625,0.5,True,0.3374929687499999,0.017603906249999978,0.7314403710937495
random,0.55,visit,0.45,0.2803125,0.2696875,0.55,True,0.0365625,0.027744140625,0.046640625
random,0.55,conversion,0.45,0.2803125,0.2696875,0.55,True,0.002109375,-0.00012304687499999997,0.004453125
random,0.55,spend,0.45,0.2803125,0.2696875,0.55,True,0.14957343750000002,-0.37696441406250003,0.7536343359374996
random,0.6,visit,0.4,0.296171875,0.303828125,0.6,True,0.034453125,0.02600390625,0.04807031249999999
random,0.6,conversion,0.4,0.296171875,0.303828125,0.6,True,0.00421875,0.001517578125,0.006919921874999998
random,0.6,spend,0.4,0.296171875,0.303828125,0.6,True,0.16779609374999999,-0.2561122265625,0.5734412109374999
random,0.65,visit,0.35,0.32203125,0.32796875,0.65,True,0.04875,0.03609375,0.061330078124999986
random,0.65,conversion,0.35,0.32203125,0.32796875,0.65,True,0.006328125,0.003861328125,0.009498046874999997
random,0.65,spend,0.35,0.32203125,0.32796875,0.65,True,0.6754078125,0.267862265625,1.1335964648437498
random,0.7,visit,0.3,0.35125,0.34875,0.7,True,0.03796875,0.02811328125,0.048873046875
random,0.7,conversion,0.3,0.35125,0.34875,0.7,True,0.001640625,-0.000591796875,0.003996093749999996
random,0.7,spend,0.3,0.35125,0.34875,0.7,True,0.1075359375,-0.36017496093750007,0.5470907226562495
random,0.75,visit,0.25,0.3690625,0.3809375,0.75,True,0.04875,0.034037109375,0.061875
random,0.75,conversion,0.25,0.3690625,0.3809375,0.75,True,0.003984375,0.001048828125,0.006216796874999998
random,0.75,spend,0.25,0.3690625,0.3809375,0.75,True,0.36677109375,-0.22545574218750003,0.9044021484374999
random,0.8,visit,0.2,0.39859375,0.40140625,0.8,True,0.04546875,0.031951171875,0.05930859374999999
random,0.8,conversion,0.2,0.39859375,0.40140625,0.8,True,0.003984375,0.001283203125,0.006808593749999996
random,0.8,spend,0.2,0.39859375,0.40140625,0.8,True,0.64352109375,0.10645283203125,1.39847912109375
random,0.85,visit,0.15,0.42484375,0.42515625,0.85,True,0.049453125,0.037330078125,0.061875
random,0.85,conversion,0.15,0.42484375,0.42515625,0.85,True,0.004921875,0.001048828125,0.008560546874999998
random,0.85,spend,0.15,0.42484375,0.42515625,0.85,True,0.5269546875000001,0.024379160156250013,1.0882062890625
random,0.9,visit,0.1,0.453828125,0.446171875,0.9,True,0.05390625,0.042533203125,0.06715429687499999
random,0.9,conversion,0.1,0.453828125,0.446171875,0.9,True,0.0065625,0.003392578125,0.010201171874999998
random,0.9,spend,0.1,0.453828125,0.446171875,0.9,True,0.9005320312500001,0.2495818359375,1.5562988085937486
random,0.95,visit,0.05,0.474921875,0.475078125,0.95,True,0.058125,0.04332421875,0.0703125
random,0.95,conversion,0.05,0.474921875,0.475078125,0.95,True,0.006328125,0.00350390625,0.00984375
random,0.95,spend,0.05,0.474921875,0.475078125,0.95,True,0.7599515625000001,0.31676771484375,1.5200621484374996
random,1.0,visit,0.0,0.5046875,0.4953125,1.0,True,0.065859375,0.052476562500000004,0.07948828124999999
random,1.0,conversion,0.0,0.5046875,0.4953125,1.0,True,0.00515625,0.001048828125,0.008560546874999998
random,1.0,spend,0.0,0.5046875,0.4953125,1.0,True,0.701315625,0.09983431640624991,1.2722973632812495
learned,0.05,visit,0.95,0.029140625,0.020859375,0.05,True,-0.000234375,-0.005080078125,0.003650390624999994
learned,0.05,conversion,0.95,0.029140625,0.020859375,0.05,True,-0.00046875,-0.00140625,0.000357421874999998
learned,0.05,spend,0.95,0.029140625,0.020859375,0.05,True,-0.0984,-0.23564132812500002,0.0036901757812499397
learned,0.1,visit,0.9,0.0609375,0.0390625,0.1,True,0.00421875,-0.002466796875,0.008917968749999996
learned,0.1,conversion,0.9,0.0609375,0.0390625,0.1,True,0.00046875,-0.000703125,0.0015292968749999979
learned,0.1,spend,0.9,0.0609375,0.0390625,0.1,True,0.15644765625,-0.13774365234375002,0.4751690624999999
learned,0.15,visit,0.85,0.090546875,0.059453125,0.15,True,0.008671875,0.00045703125,0.014431640624999994
learned,0.15,conversion,0.85,0.090546875,0.059453125,0.15,True,0.0009375,-0.000591796875,0.00234375
learned,0.15,spend,0.85,0.090546875,0.059453125,0.15,True,0.20751328125000001,-0.13067830078125,0.5743946484374999
learned,0.2,visit,0.8,0.11875,0.08125,0.2,True,0.011953125,0.003849609375,0.018638671875
learned,0.2,conversion,0.8,0.11875,0.08125,0.2,True,0.0009375,-0.000826171875,0.002466796874999998
learned,0.2,spend,0.8,0.11875,0.08125,0.2,True,0.20491875,-0.14405736328125002,0.5705168554687499
learned,0.25,visit,0.75,0.1478125,0.1021875,0.25,True,0.015703125,0.00723046875,0.021808593749999994
learned,0.25,conversion,0.75,0.1478125,0.1021875,0.25,True,0.00140625,-0.00046875,0.0030585937499999958
learned,0.25,spend,0.75,0.1478125,0.1021875,0.25,True,0.14739843749999998,-0.22363605468749997,0.6192628710937496
learned,0.3,visit,0.7,0.1759375,0.1240625,0.3,True,0.02015625,0.01125,0.028248046875
learned,0.3,conversion,0.7,0.1759375,0.1240625,0.3,True,0.001640625,-0.000234375,0.003404296874999998
learned,0.3,spend,0.7,0.1759375,0.1240625,0.3,True,0.15442734375,-0.21767689453125005,0.6272421679687494
learned,0.35,visit,0.65,0.203671875,0.146328125,0.35,True,0.02390625,0.015703125,0.032021484374999985
learned,0.35,conversion,0.65,0.203671875,0.146328125,0.35,True,0.00234375,0.000703125,0.0046875
learned,0.35,spend,0.65,0.203671875,0.146328125,0.35,True,0.18382968750000003,-0.20112146484375001,0.6396366796874998
learned,0.4,visit,0.6,0.23078125,0.16921875,0.4,True,0.028359375,0.019095703125000002,0.034921875
learned,0.4,conversion,0.6,0.23078125,0.16921875,0.4,True,0.001875,-0.00012304687499999997,0.004107421874999998
learned,0.4,spend,0.6,0.23078125,0.16921875,0.4,True,0.16296093749999996,-0.2254053515625,0.6139444921874999
learned,0.45,visit,0.55,0.25921875,0.19078125,0.45,True,0.03140625,0.02129296875,0.0403125
learned,0.45,conversion,0.55,0.25921875,0.19078125,0.45,True,0.00140625,-0.000591796875,0.003404296874999998
learned,0.45,spend,0.55,0.25921875,0.19078125,0.45,True,0.1084734375,-0.27236519531250003,0.5419746093749992
learned,0.5,visit,0.5,0.2865625,0.2134375,0.5,True,0.032109375,0.021908203125,0.041841796875
learned,0.5,conversion,0.5,0.2865625,0.2134375,0.5,True,0.002109375,-0.000234375,0.00421875
learned,0.5,spend,0.5,0.2865625,0.2134375,0.5,True,0.13950234375,-0.22103490234374998,0.5556809765624994
learned,0.55,visit,0.45,0.3146875,0.2353125,0.55,True,0.03609375,0.025066406250000003,0.046060546875
learned,0.55,conversion,0.45,0.3146875,0.2353125,0.55,True,0.002109375,-0.00012304687499999997,0.004453125
learned,0.55,spend,0.45,0.3146875,0.2353125,0.55,True,0.11088750000000001,-0.28264746093750004,0.5270661328124994
learned,0.6,visit,0.4,0.345703125,0.254296875,0.6,True,0.040546875,0.028816406250000003,0.05016796874999999
learned,0.6,conversion,0.4,0.345703125,0.254296875,0.6,True,0.002109375,-0.000703125,0.004341796874999998
learned,0.6,spend,0.4,0.345703125,0.254296875,0.6,True,0.14630859375000002,-0.30458572265624995,0.5131167187499996
learned,0.65,visit,0.35,0.376875,0.273125,0.65,True,0.042421875,0.02928515625,0.05286914062499999
learned,0.65,conversion,0.35,0.376875,0.273125,0.65,True,0.002578125,0.000234375,0.0046875
learned,0.65,spend,0.35,0.376875,0.273125,0.65,True,0.18081093750000002,-0.27607693359375,0.5326679296875
learned,0.7,visit,0.3,0.40203125,0.29796875,0.7,True,0.046171875,0.033837890625,0.05745703124999999
learned,0.7,conversion,0.3,0.40203125,0.29796875,0.7,True,0.002578125,-0.00012304687499999997,0.004921875
learned,0.7,spend,0.3,0.40203125,0.29796875,0.7,True,0.18625546875,-0.2550449414062501,0.5942086523437496
learned,0.75,visit,0.28171875,0.411484375,0.306796875,0.71828125,True,0.048515625,0.036908203125000004,0.060257812499999994
learned,0.75,conversion,0.28171875,0.411484375,0.306796875,0.71828125,True,0.002578125,-0.00012304687499999997,0.004921875
learned,0.75,spend,0.28171875,0.411484375,0.306796875,0.71828125,True,0.18625546875,-0.2550449414062501,0.5942086523437496
learned,0.8,visit,0.28171875,0.411484375,0.306796875,0.71828125,True,0.048515625,0.036908203125000004,0.060257812499999994
learned,0.8,conversion,0.28171875,0.411484375,0.306796875,0.71828125,True,0.002578125,-0.00012304687499999997,0.004921875
learned,0.8,spend,0.28171875,0.411484375,0.306796875,0.71828125,True,0.18625546875,-0.2550449414062501,0.5942086523437496
learned,0.85,visit,0.28171875,0.411484375,0.306796875,0.71828125,True,0.048515625,0.036908203125000004,0.060257812499999994
learned,0.85,conversion,0.28171875,0.411484375,0.306796875,0.71828125,True,0.002578125,-0.00012304687499999997,0.004921875
learned,0.85,spend,0.28171875,0.411484375,0.306796875,0.71828125,True,0.18625546875,-0.2550449414062501,0.5942086523437496
learned,0.9,visit,0.28171875,0.411484375,0.306796875,0.71828125,True,0.048515625,0.036908203125000004,0.060257812499999994
learned,0.9,conversion,0.28171875,0.411484375,0.306796875,0.71828125,True,0.002578125,-0.00012304687499999997,0.004921875
learned,0.9,spend,0.28171875,0.411484375,0.306796875,0.71828125,True,0.18625546875,-0.2550449414062501,0.5942086523437496
learned,0.95,visit,0.28171875,0.411484375,0.306796875,0.71828125,True,0.048515625,0.036908203125000004,0.060257812499999994
learned,0.95,conversion,0.28171875,0.411484375,0.306796875,0.71828125,True,0.002578125,-0.00012304687499999997,0.004921875
learned,0.95,spend,0.28171875,0.411484375,0.306796875,0.71828125,True,0.18625546875,-0.2550449414062501,0.5942086523437496
learned,1.0,visit,0.28171875,0.411484375,0.306796875,0.71828125,True,0.048515625,0.036908203125000004,0.060257812499999994
learned,1.0,conversion,0.28171875,0.411484375,0.306796875,0.71828125,True,0.002578125,-0.00012304687499999997,0.004921875
learned,1.0,spend,0.28171875,0.411484375,0.306796875,0.71828125,True,0.18625546875,-0.2550449414062501,0.5942086523437496
