fold,unit,papel
1,77,Calibração
1,49,Calibração
1,73,Calibração
1,39,Calibração
1,66,Calibração
1,55,Calibração
1,37,Calibração
1,100,Calibração
1,26,Calibração
1,16,Calibração
1,80,Avaliação
1,31,Avaliação
1,62,Avaliação
1,94,Avaliação
1,25,Avaliação
1,28,Avaliação
1,93,Avaliação
1,17,Avaliação
1,69,Avaliação
1,44,Avaliação
2,88,Calibração
2,41,Calibração
2,43,Calibração
2,40,Calibração
2,19,Calibração
2,12,Calibração
2,29,Calibração
2,53,Calibração
2,24,Calibração
2,84,Calibração
2,11,Avaliação
2,58,Avaliação
2,92,Avaliação
2,14,Avaliação
2,79,Avaliação
2,85,Avaliação
2,48,Avaliação
2,18,Avaliação
2,76,Avaliação
2,86,Avaliação
3,61,Calibração
3,33,Calibração
3,22,Calibração
3,64,Calibração
3,42,Calibração
3,91,Calibração
3,21,Calibração
3,3,Calibração
3,51,Calibração
3,47,Calibração
3,98,Avaliação
3,65,Avaliação
3,78,Avaliação
3,96,Avaliação
3,10,Avaliação
3,60,Avaliação
3,7,Avaliação
3,1,Avaliação
3,13,Avaliação
3,81,Avaliação
4,68,Calibração
4,23,Calibração
4,95,Calibração
4,15,Calibração
4,38,Calibração
4,74,Calibração
4,5,Calibração
4,34,Calibração
4,99,Calibração
4,59,Calibração
4,82,Avaliação
4,70,Avaliação
4,32,Avaliação
4,89,Avaliação
4,27,Avaliação
4,8,Avaliação
4,52,Avaliação
4,35,Avaliação
4,46,Avaliação
4,67,Avaliação
5,75,Calibração
5,83,Calibração
5,6,Calibração
5,56,Calibração
5,50,Calibração
5,2,Calibração
5,36,Calibração
5,90,Calibração
5,20,Calibração
5,54,Calibração
5,63,Avaliação
5,30,Avaliação
5,72,Avaliação
5,97,Avaliação
5,71,Avaliação
5,57,Avaliação
5,4,Avaliação
5,87,Avaliação
5,9,Avaliação
5,45,Avaliação
