unit,limiar,ciclo_alerta,antecedencia,resultado
1,10,186,6.0,Oportuno
2,10,274,13.0,Oportuno
3,10,173,6.0,Oportuno
4,10,182,7.0,Oportuno
5,10,257,12.0,Oportuno
6,10,181,7.0,Oportuno
7,10,248,11.0,Oportuno
8,10,145,5.0,Oportuno
9,10,195,6.0,Oportuno
10,10,216,6.0,Oportuno
11,10,234,6.0,Oportuno
12,10,162,8.0,Oportuno
13,10,159,4.0,Tardio
14,10,177,3.0,Tardio
15,10,199,8.0,Oportuno
16,10,199,10.0,Oportuno
17,10,268,8.0,Oportuno
18,10,188,7.0,Oportuno
19,10,152,6.0,Oportuno
20,10,229,5.0,Oportuno
21,10,191,4.0,Tardio
22,10,195,7.0,Oportuno
23,10,162,6.0,Oportuno
24,10,141,6.0,Oportuno
25,10,222,8.0,Oportuno
26,10,194,5.0,Oportuno
27,10,151,5.0,Oportuno
28,10,161,4.0,Tardio
29,10,156,7.0,Oportuno
30,10,187,7.0,Oportuno
31,10,223,11.0,Oportuno
32,10,182,9.0,Oportuno
33,10,196,4.0,Tardio
34,10,189,6.0,Oportuno
35,10,175,6.0,Oportuno
36,10,152,6.0,Oportuno
37,10,163,7.0,Oportuno
38,10,187,7.0,Oportuno
39,10,121,7.0,Oportuno
40,10,184,4.0,Tardio
41,10,212,4.0,Tardio
42,10,192,4.0,Tardio
43,10,196,11.0,Oportuno
44,10,184,8.0,Oportuno
45,10,151,7.0,Oportuno
46,10,248,8.0,Oportuno
47,10,207,7.0,Oportuno
48,10,223,8.0,Oportuno
49,10,206,9.0,Oportuno
50,10,191,7.0,Oportuno
51,10,210,3.0,Tardio
52,10,203,10.0,Oportuno
53,10,191,4.0,Tardio
54,10,250,7.0,Oportuno
55,10,185,8.0,Oportuno
56,10,265,10.0,Oportuno
57,10,132,5.0,Oportuno
58,10,142,5.0,Oportuno
59,10,224,7.0,Oportuno
60,10,165,7.0,Oportuno
61,10,178,7.0,Oportuno
62,10,173,7.0,Oportuno
63,10,169,5.0,Oportuno
64,10,272,11.0,Oportuno
65,10,147,6.0,Oportuno
66,10,193,9.0,Oportuno
67,10,303,10.0,Oportuno
68,10,192,7.0,Oportuno
69,10,347,15.0,Oportuno
70,10,131,6.0,Oportuno
71,10,203,5.0,Oportuno
72,10,205,8.0,Oportuno
73,10,202,11.0,Oportuno
74,10,159,7.0,Oportuno
75,10,222,7.0,Oportuno
76,10,204,6.0,Oportuno
77,10,151,3.0,Tardio
78,10,223,8.0,Oportuno
79,10,191,8.0,Oportuno
80,10,180,5.0,Oportuno
81,10,234,6.0,Oportuno
82,10,205,9.0,Oportuno
83,10,283,10.0,Oportuno
84,10,262,5.0,Oportuno
85,10,184,4.0,Tardio
86,10,265,13.0,Oportuno
87,10,170,8.0,Oportuno
88,10,208,5.0,Oportuno
89,10,207,10.0,Oportuno
90,10,149,5.0,Oportuno
91,10,129,6.0,Oportuno
92,10,337,4.0,Tardio
93,10,149,6.0,Oportuno
94,10,252,6.0,Oportuno
95,10,275,8.0,Oportuno
96,10,327,9.0,Oportuno
97,10,197,5.0,Oportuno
98,10,150,6.0,Oportuno
99,10,177,8.0,Oportuno
100,10,192,8.0,Oportuno
1,20,175,17.0,Oportuno
2,20,262,25.0,Oportuno
3,20,166,13.0,Oportuno
4,20,174,15.0,Oportuno
5,20,247,22.0,Oportuno
6,20,168,20.0,Oportuno
7,20,235,24.0,Oportuno
8,20,139,11.0,Oportuno
9,20,188,13.0,Oportuno
10,20,205,17.0,Oportuno
11,20,225,15.0,Oportuno
12,20,154,16.0,Oportuno
13,20,151,12.0,Oportuno
14,20,170,10.0,Oportuno
15,20,189,18.0,Oportuno
16,20,188,21.0,Oportuno
17,20,258,18.0,Oportuno
18,20,180,15.0,Oportuno
19,20,142,16.0,Oportuno
20,20,216,18.0,Oportuno
21,20,182,13.0,Oportuno
22,20,185,17.0,Oportuno
23,20,153,15.0,Oportuno
24,20,135,12.0,Oportuno
25,20,210,20.0,Oportuno
26,20,183,16.0,Oportuno
27,20,144,12.0,Oportuno
28,20,150,15.0,Oportuno
29,20,149,14.0,Oportuno
30,20,177,17.0,Oportuno
31,20,213,21.0,Oportuno
32,20,174,17.0,Oportuno
33,20,185,15.0,Oportuno
34,20,180,15.0,Oportuno
35,20,164,17.0,Oportuno
36,20,142,16.0,Oportuno
37,20,154,16.0,Oportuno
38,20,176,18.0,Oportuno
39,20,117,11.0,Oportuno
40,20,176,12.0,Oportuno
41,20,203,13.0,Oportuno
42,20,181,15.0,Oportuno
43,20,187,20.0,Oportuno
44,20,175,17.0,Oportuno
45,20,142,16.0,Oportuno
46,20,237,19.0,Oportuno
47,20,196,18.0,Oportuno
48,20,214,17.0,Oportuno
49,20,197,18.0,Oportuno
50,20,183,15.0,Oportuno
51,20,198,15.0,Oportuno
52,20,194,19.0,Oportuno
53,20,180,15.0,Oportuno
54,20,241,16.0,Oportuno
55,20,179,14.0,Oportuno
56,20,253,22.0,Oportuno
57,20,123,14.0,Oportuno
58,20,134,13.0,Oportuno
59,20,216,15.0,Oportuno
60,20,157,15.0,Oportuno
61,20,168,17.0,Oportuno
62,20,166,14.0,Oportuno
63,20,158,16.0,Oportuno
64,20,262,21.0,Oportuno
65,20,137,16.0,Oportuno
66,20,183,19.0,Oportuno
67,20,294,19.0,Oportuno
68,20,183,16.0,Oportuno
69,20,336,26.0,Oportuno
70,20,123,14.0,Oportuno
71,20,189,19.0,Oportuno
72,20,193,20.0,Oportuno
73,20,194,19.0,Oportuno
74,20,152,14.0,Oportuno
75,20,207,22.0,Oportuno
76,20,191,19.0,Oportuno
77,20,142,12.0,Oportuno
78,20,212,19.0,Oportuno
79,20,183,16.0,Oportuno
80,20,169,16.0,Oportuno
81,20,218,22.0,Oportuno
82,20,197,17.0,Oportuno
83,20,271,22.0,Oportuno
84,20,253,14.0,Oportuno
85,20,175,13.0,Oportuno
86,20,256,22.0,Oportuno
87,20,162,16.0,Oportuno
88,20,197,16.0,Oportuno
89,20,201,16.0,Oportuno
90,20,139,15.0,Oportuno
91,20,124,11.0,Oportuno
92,20,322,19.0,Oportuno
93,20,141,14.0,Oportuno
94,20,241,17.0,Oportuno
95,20,267,16.0,Oportuno
96,20,314,22.0,Oportuno
97,20,188,14.0,Oportuno
98,20,142,14.0,Oportuno
99,20,168,17.0,Oportuno
100,20,179,21.0,Oportuno
1,30,165,27.0,Oportuno
2,30,254,33.0,Prematuro
3,30,158,21.0,Oportuno
4,30,165,24.0,Oportuno
5,30,238,31.0,Prematuro
6,30,157,31.0,Prematuro
7,30,226,33.0,Prematuro
8,30,130,20.0,Oportuno
9,30,182,19.0,Oportuno
10,30,196,26.0,Oportuno
11,30,215,25.0,Oportuno
12,30,143,27.0,Oportuno
13,30,143,20.0,Oportuno
14,30,159,21.0,Oportuno
15,30,179,28.0,Oportuno
16,30,177,32.0,Prematuro
17,30,248,28.0,Oportuno
18,30,170,25.0,Oportuno
19,30,130,28.0,Oportuno
20,30,209,25.0,Oportuno
21,30,175,20.0,Oportuno
22,30,176,26.0,Oportuno
23,30,146,22.0,Oportuno
24,30,127,20.0,Oportuno
25,30,201,29.0,Oportuno
26,30,172,27.0,Oportuno
27,30,136,20.0,Oportuno
28,30,142,23.0,Oportuno
29,30,143,20.0,Oportuno
30,30,168,26.0,Oportuno
31,30,203,31.0,Prematuro
32,30,166,25.0,Oportuno
33,30,171,29.0,Oportuno
34,30,168,27.0,Oportuno
35,30,157,24.0,Oportuno
36,30,133,25.0,Oportuno
37,30,146,24.0,Oportuno
38,30,165,29.0,Oportuno
39,30,112,16.0,Oportuno
40,30,168,20.0,Oportuno
41,30,190,26.0,Oportuno
42,30,171,25.0,Oportuno
43,30,178,29.0,Oportuno
44,30,168,24.0,Oportuno
45,30,137,21.0,Oportuno
46,30,223,33.0,Prematuro
47,30,188,26.0,Oportuno
48,30,205,26.0,Oportuno
49,30,190,25.0,Oportuno
50,30,178,20.0,Oportuno
51,30,191,22.0,Oportuno
52,30,185,28.0,Oportuno
53,30,170,25.0,Oportuno
54,30,228,29.0,Oportuno
55,30,168,25.0,Oportuno
56,30,237,38.0,Prematuro
57,30,115,22.0,Oportuno
58,30,126,21.0,Oportuno
59,30,205,26.0,Oportuno
60,30,150,22.0,Oportuno
61,30,159,26.0,Oportuno
62,30,154,26.0,Oportuno
63,30,149,25.0,Oportuno
64,30,254,29.0,Oportuno
65,30,132,21.0,Oportuno
66,30,169,33.0,Prematuro
67,30,282,31.0,Prematuro
68,30,174,25.0,Oportuno
69,30,323,39.0,Prematuro
70,30,116,21.0,Oportuno
71,30,179,29.0,Oportuno
72,30,179,34.0,Prematuro
73,30,180,33.0,Prematuro
74,30,143,23.0,Oportuno
75,30,199,30.0,Oportuno
76,30,182,28.0,Oportuno
77,30,132,22.0,Oportuno
78,30,202,29.0,Oportuno
79,30,174,25.0,Oportuno
80,30,159,26.0,Oportuno
81,30,209,31.0,Prematuro
82,30,189,25.0,Oportuno
83,30,265,28.0,Oportuno
84,30,240,27.0,Oportuno
85,30,169,19.0,Oportuno
86,30,248,30.0,Oportuno
87,30,154,24.0,Oportuno
88,30,189,24.0,Oportuno
89,30,188,29.0,Oportuno
90,30,133,21.0,Oportuno
91,30,115,20.0,Oportuno
92,30,315,26.0,Oportuno
93,30,134,21.0,Oportuno
94,30,234,24.0,Oportuno
95,30,258,25.0,Oportuno
96,30,300,36.0,Prematuro
97,30,180,22.0,Oportuno
98,30,132,24.0,Oportuno
99,30,162,23.0,Oportuno
100,30,170,30.0,Oportuno
1,40,154,38.0,Prematuro
2,40,243,44.0,Prematuro
3,40,151,28.0,Oportuno
4,40,159,30.0,Oportuno
5,40,227,42.0,Prematuro
6,40,147,41.0,Prematuro
7,40,215,44.0,Prematuro
8,40,124,26.0,Oportuno
9,40,176,25.0,Oportuno
10,40,187,35.0,Prematuro
11,40,204,36.0,Prematuro
12,40,137,33.0,Prematuro
13,40,133,30.0,Oportuno
14,40,155,25.0,Oportuno
15,40,172,35.0,Prematuro
16,40,169,40.0,Prematuro
17,40,237,39.0,Prematuro
18,40,165,30.0,Oportuno
19,40,123,35.0,Prematuro
20,40,199,35.0,Prematuro
21,40,166,29.0,Oportuno
22,40,163,39.0,Prematuro
23,40,138,30.0,Oportuno
24,40,120,27.0,Oportuno
25,40,194,36.0,Prematuro
26,40,164,35.0,Prematuro
27,40,129,27.0,Oportuno
28,40,137,28.0,Oportuno
29,40,137,26.0,Oportuno
30,40,161,33.0,Prematuro
31,40,197,37.0,Prematuro
32,40,160,31.0,Prematuro
33,40,161,39.0,Prematuro
34,40,161,34.0,Prematuro
35,40,150,31.0,Prematuro
36,40,127,31.0,Prematuro
37,40,137,33.0,Prematuro
38,40,156,38.0,Prematuro
39,40,104,24.0,Oportuno
40,40,158,30.0,Oportuno
41,40,179,37.0,Prematuro
42,40,163,33.0,Prematuro
43,40,173,34.0,Prematuro
44,40,160,32.0,Prematuro
45,40,131,27.0,Oportuno
46,40,212,44.0,Prematuro
47,40,176,38.0,Prematuro
48,40,194,37.0,Prematuro
49,40,178,37.0,Prematuro
50,40,167,31.0,Prematuro
51,40,183,30.0,Oportuno
52,40,177,36.0,Prematuro
53,40,163,32.0,Prematuro
54,40,219,38.0,Prematuro
55,40,157,36.0,Prematuro
56,40,230,45.0,Prematuro
57,40,110,27.0,Oportuno
58,40,117,30.0,Oportuno
59,40,192,39.0,Prematuro
60,40,142,30.0,Oportuno
61,40,154,31.0,Prematuro
62,40,145,35.0,Prematuro
63,40,144,30.0,Oportuno
64,40,239,44.0,Prematuro
65,40,125,28.0,Oportuno
66,40,158,44.0,Prematuro
67,40,272,41.0,Prematuro
68,40,164,35.0,Prematuro
69,40,302,60.0,Prematuro
70,40,112,25.0,Oportuno
71,40,173,35.0,Prematuro
72,40,172,41.0,Prematuro
73,40,172,41.0,Prematuro
74,40,134,32.0,Prematuro
75,40,183,46.0,Prematuro
76,40,170,40.0,Prematuro
77,40,126,28.0,Oportuno
78,40,192,39.0,Prematuro
79,40,166,33.0,Prematuro
80,40,151,34.0,Prematuro
81,40,192,48.0,Prematuro
82,40,178,36.0,Prematuro
83,40,247,46.0,Prematuro
84,40,223,44.0,Prematuro
85,40,162,26.0,Oportuno
86,40,240,38.0,Prematuro
87,40,146,32.0,Prematuro
88,40,177,36.0,Prematuro
89,40,177,40.0,Prematuro
90,40,122,32.0,Prematuro
91,40,109,26.0,Oportuno
92,40,299,42.0,Prematuro
93,40,124,31.0,Prematuro
94,40,221,37.0,Prematuro
95,40,241,42.0,Prematuro
96,40,293,43.0,Prematuro
97,40,172,30.0,Oportuno
98,40,123,33.0,Prematuro
99,40,151,34.0,Prematuro
100,40,165,35.0,Prematuro
1,50,147,45.0,Prematuro
2,50,234,53.0,Prematuro
3,50,141,38.0,Prematuro
4,50,150,39.0,Prematuro
5,50,217,52.0,Prematuro
6,50,141,47.0,Prematuro
7,50,206,53.0,Prematuro
8,50,119,31.0,Prematuro
9,50,172,29.0,Oportuno
10,50,172,50.0,Prematuro
11,50,197,43.0,Prematuro
12,50,130,40.0,Prematuro
13,50,125,38.0,Prematuro
14,50,145,35.0,Prematuro
15,50,166,41.0,Prematuro
16,50,140,69.0,Prematuro
17,50,226,50.0,Prematuro
18,50,153,42.0,Prematuro
19,50,113,45.0,Prematuro
20,50,190,44.0,Prematuro
21,50,155,40.0,Prematuro
22,50,149,53.0,Prematuro
23,50,129,39.0,Prematuro
24,50,115,32.0,Prematuro
25,50,186,44.0,Prematuro
26,50,151,48.0,Prematuro
27,50,121,35.0,Prematuro
28,50,131,34.0,Prematuro
29,50,132,31.0,Prematuro
30,50,153,41.0,Prematuro
31,50,189,45.0,Prematuro
32,50,144,47.0,Prematuro
33,50,152,48.0,Prematuro
34,50,157,38.0,Prematuro
35,50,145,36.0,Prematuro
36,50,123,35.0,Prematuro
37,50,127,43.0,Prematuro
38,50,149,45.0,Prematuro
39,50,96,32.0,Prematuro
40,50,145,43.0,Prematuro
41,50,169,47.0,Prematuro
42,50,152,44.0,Prematuro
43,50,168,39.0,Prematuro
44,50,152,40.0,Prematuro
45,50,123,35.0,Prematuro
46,50,200,56.0,Prematuro
47,50,167,47.0,Prematuro
48,50,179,52.0,Prematuro
49,50,167,48.0,Prematuro
50,50,159,39.0,Prematuro
51,50,174,39.0,Prematuro
52,50,170,43.0,Prematuro
53,50,155,40.0,Prematuro
54,50,212,45.0,Prematuro
55,50,144,49.0,Prematuro
56,50,220,55.0,Prematuro
57,50,104,33.0,Prematuro
58,50,110,37.0,Prematuro
59,50,181,50.0,Prematuro
60,50,134,38.0,Prematuro
61,50,146,39.0,Prematuro
62,50,136,44.0,Prematuro
63,50,130,44.0,Prematuro
64,50,230,53.0,Prematuro
65,50,118,35.0,Prematuro
66,50,135,67.0,Prematuro
67,50,262,51.0,Prematuro
68,50,157,42.0,Prematuro
69,50,293,69.0,Prematuro
70,50,109,28.0,Oportuno
71,50,163,45.0,Prematuro
72,50,169,44.0,Prematuro
73,50,159,54.0,Prematuro
74,50,127,39.0,Prematuro
75,50,176,53.0,Prematuro
76,50,161,49.0,Prematuro
77,50,118,36.0,Prematuro
78,50,184,47.0,Prematuro
79,50,158,41.0,Prematuro
80,50,144,41.0,Prematuro
81,50,180,60.0,Prematuro
82,50,171,43.0,Prematuro
83,50,240,53.0,Prematuro
84,50,207,60.0,Prematuro
85,50,154,34.0,Prematuro
86,50,225,53.0,Prematuro
87,50,138,40.0,Prematuro
88,50,168,45.0,Prematuro
89,50,169,48.0,Prematuro
90,50,112,42.0,Prematuro
91,50,101,34.0,Prematuro
92,50,280,61.0,Prematuro
93,50,116,39.0,Prematuro
94,50,209,49.0,Prematuro
95,50,234,49.0,Prematuro
96,50,284,52.0,Prematuro
97,50,162,40.0,Prematuro
98,50,116,40.0,Prematuro
99,50,141,44.0,Prematuro
100,50,160,40.0,Prematuro
