group,cycle,y_true,y_predito,erro,erro_absoluto,faixa_rul,faixa_cycle,faixa_rul_predito
1,31,112.0,188.50566867543242,76.50566867543242,76.50566867543242,Acima de 100 ciclos,Até 50 ciclos,Acima de 100 ciclos
67,71,77.0,150.25731582595031,73.25731582595031,73.25731582595031,61 a 100 ciclos,51 a 100 ciclos,Acima de 100 ciclos
78,72,107.0,178.80631003584227,71.80631003584227,71.80631003584227,Acima de 100 ciclos,51 a 100 ciclos,Acima de 100 ciclos
50,74,79.0,136.1839258202968,57.18392582029679,57.18392582029679,61 a 100 ciclos,51 a 100 ciclos,Acima de 100 ciclos
79,101,63.0,113.78244047518848,50.78244047518848,50.78244047518848,61 a 100 ciclos,101 a 150 ciclos,Acima de 100 ciclos
83,73,137.0,187.0872404315547,50.087240431554704,50.087240431554704,Acima de 100 ciclos,51 a 100 ciclos,Acima de 100 ciclos
2,49,98.0,145.1522065452399,47.15220654523989,47.15220654523989,61 a 100 ciclos,Até 50 ciclos,Acima de 100 ciclos
14,46,107.0,152.71020826152846,45.710208261528464,45.710208261528464,Acima de 100 ciclos,Até 50 ciclos,Acima de 100 ciclos
85,34,118.0,158.97024081258678,40.97024081258678,40.97024081258678,Acima de 100 ciclos,Até 50 ciclos,Acima de 100 ciclos
48,78,92.0,131.1396835632296,39.139683563229596,39.139683563229596,61 a 100 ciclos,51 a 100 ciclos,Acima de 100 ciclos
44,54,109.0,147.10037502340535,38.10037502340535,38.10037502340535,Acima de 100 ciclos,51 a 100 ciclos,Acima de 100 ciclos
15,76,83.0,120.47828453683474,37.478284536834735,37.478284536834735,61 a 100 ciclos,51 a 100 ciclos,Acima de 100 ciclos
89,177,136.0,99.57864620107593,-36.42135379892407,36.42135379892407,Acima de 100 ciclos,151 a 200 ciclos,61 a 100 ciclos
45,152,114.0,78.87669671893282,-35.12330328106718,35.12330328106718,Acima de 100 ciclos,151 a 200 ciclos,61 a 100 ciclos
22,39,111.0,144.58215617907877,33.582156179078765,33.582156179078765,Acima de 100 ciclos,Até 50 ciclos,Acima de 100 ciclos
16,113,84.0,117.0749109966567,33.0749109966567,33.0749109966567,61 a 100 ciclos,101 a 150 ciclos,Acima de 100 ciclos
93,244,85.0,52.08897209421403,-32.91102790578597,32.91102790578597,61 a 100 ciclos,201 a 250 ciclos,31 a 60 ciclos
97,134,82.0,113.52391971014148,31.523919710141485,31.523919710141485,61 a 100 ciclos,101 a 150 ciclos,Acima de 100 ciclos
65,71,128.0,159.2962033796832,31.29620337968319,31.29620337968319,Acima de 100 ciclos,51 a 100 ciclos,Acima de 100 ciclos
69,54,121.0,151.34871287721154,30.34871287721154,30.34871287721154,Acima de 100 ciclos,51 a 100 ciclos,Acima de 100 ciclos
95,89,128.0,158.09621268497506,30.096212684975058,30.096212684975058,Acima de 100 ciclos,51 a 100 ciclos,Acima de 100 ciclos
6,105,93.0,122.89183179158128,29.891831791581282,29.891831791581282,61 a 100 ciclos,101 a 150 ciclos,Acima de 100 ciclos
33,50,106.0,134.66461813302425,28.66461813302425,28.66461813302425,Acima de 100 ciclos,Até 50 ciclos,Acima de 100 ciclos
12,217,124.0,95.55100287257545,-28.448997127424548,28.448997127424548,Acima de 100 ciclos,201 a 250 ciclos,61 a 100 ciclos
98,121,59.0,87.14041457433878,28.140414574338777,28.140414574338777,31 a 60 ciclos,101 a 150 ciclos,61 a 100 ciclos
54,121,97.0,124.50452681948077,27.504526819480773,27.504526819480773,61 a 100 ciclos,101 a 150 ciclos,Acima de 100 ciclos
99,97,117.0,142.52553422085683,25.525534220856827,25.525534220856827,Acima de 100 ciclos,51 a 100 ciclos,Acima de 100 ciclos
72,131,50.0,74.84553929459119,24.84553929459119,24.84553929459119,31 a 60 ciclos,101 a 150 ciclos,61 a 100 ciclos
43,172,59.0,83.59765751745961,24.59765751745961,24.59765751745961,31 a 60 ciclos,151 a 200 ciclos,61 a 100 ciclos
30,143,115.0,91.37023621215063,-23.62976378784937,23.62976378784937,Acima de 100 ciclos,101 a 150 ciclos,61 a 100 ciclos
9,55,111.0,134.2971691590428,23.297169159042795,23.297169159042795,Acima de 100 ciclos,51 a 100 ciclos,Acima de 100 ciclos
4,106,82.0,104.51763497117976,22.51763497117976,22.51763497117976,61 a 100 ciclos,101 a 150 ciclos,Acima de 100 ciclos
5,98,91.0,113.06966533045824,22.069665330458236,22.069665330458236,61 a 100 ciclos,51 a 100 ciclos,Acima de 100 ciclos
73,112,131.0,111.1204075617778,-19.879592438222204,19.879592438222204,Acima de 100 ciclos,101 a 150 ciclos,Acima de 100 ciclos
25,48,145.0,162.09681326636948,17.09681326636948,17.09681326636948,Acima de 100 ciclos,Até 50 ciclos,Acima de 100 ciclos
75,88,113.0,96.09649064239477,-16.90350935760523,16.90350935760523,Acima de 100 ciclos,51 a 100 ciclos,61 a 100 ciclos
86,110,89.0,104.00613554951474,15.006135549514738,15.006135549514738,61 a 100 ciclos,101 a 150 ciclos,Acima de 100 ciclos
10,192,96.0,81.38325494745852,-14.616745052541475,14.616745052541475,61 a 100 ciclos,151 a 200 ciclos,61 a 100 ciclos
39,37,142.0,155.5073432670679,13.50734326706791,13.50734326706791,Acima de 100 ciclos,Até 50 ciclos,Acima de 100 ciclos
55,113,137.0,123.68171336626173,-13.318286633738268,13.318286633738268,Acima de 100 ciclos,101 a 150 ciclos,Acima de 100 ciclos
27,140,66.0,78.44911255662116,12.44911255662116,12.44911255662116,61 a 100 ciclos,101 a 150 ciclos,61 a 100 ciclos
47,73,135.0,123.50768042036826,-11.49231957963174,11.49231957963174,Acima de 100 ciclos,51 a 100 ciclos,Acima de 100 ciclos
32,145,48.0,59.45896472270777,11.45896472270777,11.45896472270777,31 a 60 ciclos,101 a 150 ciclos,31 a 60 ciclos
60,147,100.0,88.7500681987968,-11.249931801203203,11.249931801203203,61 a 100 ciclos,101 a 150 ciclos,61 a 100 ciclos
87,56,116.0,127.02636830552912,11.026368305529118,11.026368305529118,Acima de 100 ciclos,51 a 100 ciclos,Acima de 100 ciclos
88,68,115.0,125.62058042655298,10.620580426552976,10.620580426552976,Acima de 100 ciclos,51 a 100 ciclos,Acima de 100 ciclos
91,234,38.0,27.740841013824888,-10.259158986175112,10.259158986175112,31 a 60 ciclos,201 a 250 ciclos,Até 30 ciclos
11,83,97.0,106.97126717650066,9.97126717650066,9.97126717650066,61 a 100 ciclos,51 a 100 ciclos,Acima de 100 ciclos
38,125,50.0,59.46347158218124,9.463471582181242,9.463471582181242,31 a 60 ciclos,101 a 150 ciclos,31 a 60 ciclos
59,94,114.0,123.2215437621092,9.221543762109206,9.221543762109206,Acima de 100 ciclos,51 a 100 ciclos,Acima de 100 ciclos
21,148,57.0,65.35215053763443,8.35215053763443,8.35215053763443,31 a 60 ciclos,101 a 150 ciclos,61 a 100 ciclos
40,133,28.0,35.429487967229896,7.429487967229896,7.429487967229896,Até 30 ciclos,101 a 150 ciclos,31 a 60 ciclos
96,97,137.0,129.60854247937834,-7.391457520621657,7.391457520621657,Acima de 100 ciclos,51 a 100 ciclos,Acima de 100 ciclos
17,165,50.0,57.341926593729845,7.341926593729845,7.341926593729845,31 a 60 ciclos,151 a 200 ciclos,31 a 60 ciclos
13,195,95.0,101.98689334961936,6.986893349619365,6.986893349619365,61 a 100 ciclos,151 a 200 ciclos,Acima de 100 ciclos
7,160,91.0,97.83467941705808,6.834679417058084,6.834679417058084,61 a 100 ciclos,151 a 200 ciclos,61 a 100 ciclos
57,160,103.0,96.30697506469573,-6.6930249353042655,6.6930249353042655,Acima de 100 ciclos,151 a 200 ciclos,61 a 100 ciclos
26,76,119.0,125.64699085017978,6.646990850179776,6.646990850179776,Acima de 100 ciclos,51 a 100 ciclos,Acima de 100 ciclos
53,164,26.0,32.063185180693665,6.063185180693665,6.063185180693665,Até 30 ciclos,151 a 200 ciclos,31 a 60 ciclos
36,126,19.0,24.803509286412513,5.803509286412513,5.803509286412513,Até 30 ciclos,101 a 150 ciclos,Até 30 ciclos
23,130,113.0,118.74353926546459,5.743539265464591,5.743539265464591,Acima de 100 ciclos,101 a 150 ciclos,Acima de 100 ciclos
49,303,21.0,15.28204877112135,-5.7179512288786505,5.7179512288786505,Até 30 ciclos,Acima de 250 ciclos,Até 30 ciclos
41,123,18.0,23.508090629800307,5.508090629800307,5.508090629800307,Até 30 ciclos,101 a 150 ciclos,Até 30 ciclos
37,121,21.0,26.351904761904756,5.3519047619047555,5.3519047619047555,Até 30 ciclos,101 a 150 ciclos,Até 30 ciclos
71,68,118.0,123.0092584579694,5.009258457969395,5.009258457969395,Acima de 100 ciclos,51 a 100 ciclos,Acima de 100 ciclos
3,126,69.0,64.03022518136267,-4.969774818637333,4.969774818637333,61 a 100 ciclos,101 a 150 ciclos,61 a 100 ciclos
70,152,94.0,89.76555955389556,-4.234440446104443,4.234440446104443,61 a 100 ciclos,151 a 200 ciclos,61 a 100 ciclos
28,158,97.0,92.81837721108309,-4.181622788916911,4.181622788916911,61 a 100 ciclos,151 a 200 ciclos,61 a 100 ciclos
52,189,29.0,33.10455453149002,4.104554531490017,4.104554531490017,Até 30 ciclos,151 a 200 ciclos,31 a 60 ciclos
24,186,20.0,23.988809523809522,3.988809523809522,3.988809523809522,Até 30 ciclos,151 a 200 ciclos,Até 30 ciclos
66,147,14.0,17.95722734254992,3.9572273425499205,3.9572273425499205,Até 30 ciclos,101 a 150 ciclos,Até 30 ciclos
29,171,90.0,93.68093415206194,3.680934152061937,3.680934152061937,61 a 100 ciclos,151 a 200 ciclos,61 a 100 ciclos
19,135,87.0,83.46833440925305,-3.531665590746954,3.531665590746954,61 a 100 ciclos,101 a 150 ciclos,61 a 100 ciclos
8,166,95.0,91.5861230850927,-3.4138769149073056,3.4138769149073056,61 a 100 ciclos,151 a 200 ciclos,61 a 100 ciclos
94,133,55.0,58.29075787010796,3.29075787010796,3.29075787010796,31 a 60 ciclos,101 a 150 ciclos,31 a 60 ciclos
18,133,28.0,31.270952380952398,3.270952380952398,3.270952380952398,Até 30 ciclos,101 a 150 ciclos,31 a 60 ciclos
76,205,10.0,6.9210791090629815,-3.0789208909370185,3.0789208909370185,Até 30 ciclos,201 a 250 ciclos,Até 30 ciclos
92,150,20.0,22.947486390707947,2.9474863907079474,2.9474863907079474,Até 30 ciclos,101 a 150 ciclos,Até 30 ciclos
20,184,16.0,13.116995356793748,-2.8830046432062524,2.8830046432062524,Até 30 ciclos,151 a 200 ciclos,Até 30 ciclos
80,133,90.0,92.29910520124109,2.2991052012410904,2.2991052012410904,61 a 100 ciclos,101 a 150 ciclos,61 a 100 ciclos
56,136,15.0,17.24785714285715,2.24785714285715,2.24785714285715,Até 30 ciclos,101 a 150 ciclos,Até 30 ciclos
84,172,58.0,60.195371162150074,2.1953711621500744,2.1953711621500744,31 a 60 ciclos,151 a 200 ciclos,61 a 100 ciclos
77,162,34.0,31.933452085548854,-2.066547914451146,2.066547914451146,31 a 60 ciclos,151 a 200 ciclos,31 a 60 ciclos
68,187,8.0,9.755225392886683,1.7552253928866826,1.7552253928866826,Até 30 ciclos,151 a 200 ciclos,Até 30 ciclos
35,198,11.0,12.639105222734248,1.6391052227342477,1.6391052227342477,Até 30 ciclos,151 a 200 ciclos,Até 30 ciclos
62,232,54.0,52.38989121609101,-1.6101087839089914,1.6101087839089914,31 a 60 ciclos,201 a 250 ciclos,31 a 60 ciclos
81,213,8.0,6.4825422427035315,-1.5174577572964685,1.5174577572964685,Até 30 ciclos,201 a 250 ciclos,Até 30 ciclos
34,203,7.0,5.534385560675879,-1.4656144393241206,1.4656144393241206,Até 30 ciclos,201 a 250 ciclos,Até 30 ciclos
100,198,20.0,21.271059907834097,1.271059907834097,1.271059907834097,Até 30 ciclos,151 a 200 ciclos,Até 30 ciclos
63,155,72.0,73.15355150308571,1.1535515030857084,1.1535515030857084,61 a 100 ciclos,151 a 200 ciclos,61 a 100 ciclos
61,159,21.0,22.0350460829493,1.0350460829493002,1.0350460829493002,Até 30 ciclos,151 a 200 ciclos,Até 30 ciclos
42,156,10.0,11.020760368663597,1.0207603686635967,1.0207603686635967,Até 30 ciclos,151 a 200 ciclos,Até 30 ciclos
46,146,47.0,47.91290462225945,0.9129046222594468,0.9129046222594468,31 a 60 ciclos,101 a 150 ciclos,31 a 60 ciclos
51,144,114.0,114.85349295227479,0.8534929522747916,0.8534929522747916,Acima de 100 ciclos,101 a 150 ciclos,Acima de 100 ciclos
64,168,28.0,28.68397849462366,0.6839784946236591,0.6839784946236591,Até 30 ciclos,151 a 200 ciclos,Até 30 ciclos
82,162,9.0,9.426837732160314,0.4268377321603136,0.4268377321603136,Até 30 ciclos,151 a 200 ciclos,Até 30 ciclos
90,146,28.0,27.57750768049154,-0.42249231950846067,0.42249231950846067,Até 30 ciclos,101 a 150 ciclos,Até 30 ciclos
31,196,8.0,8.323332742526292,0.32333274252629174,0.32333274252629174,Até 30 ciclos,151 a 200 ciclos,Até 30 ciclos
58,176,37.0,37.17690442504109,0.17690442504108717,0.17690442504108717,31 a 60 ciclos,151 a 200 ciclos,31 a 60 ciclos
74,137,126.0,125.91878274384167,-0.08121725615832531,0.08121725615832531,Acima de 100 ciclos,101 a 150 ciclos,Acima de 100 ciclos
