unit,cobertura,largura_media,cobertura_trajetoria,abaixo,acima
1,1.0,98.26232267881669,True,0.0,0.0
4,0.9947089947089947,111.45999052182094,False,0.005291005291005291,0.0
7,0.7451737451737451,98.88173129292086,False,0.0,0.2548262548262548
8,0.8333333333333334,87.19837941614733,False,0.16666666666666666,0.0
9,1.0,113.44828183968143,True,0.0,0.0
10,1.0,99.22377971431459,True,0.0,0.0
11,0.9916666666666667,85.90865098416181,False,0.0,0.008333333333333333
13,0.9938650306748467,98.61128945726085,False,0.006134969325153374,0.0
14,1.0,85.90377562597939,True,0.0,0.0
17,0.6594202898550725,74.72196639232575,False,0.0,0.34057971014492755
18,1.0,85.23691136419636,True,0.0,0.0
25,0.9391304347826087,74.07966350409771,False,0.0,0.06086956521739131
27,0.9487179487179487,87.12328499616625,False,0.05128205128205128,0.0
28,0.4,73.7446803518677,False,0.6,0.0
30,1.0,111.38441716992037,True,0.0,0.0
31,0.9700854700854701,73.97266717963238,False,0.029914529914529916,0.0
32,1.0,87.13127210920636,True,0.0,0.0
35,1.0,87.1178158801589,True,0.0,0.0
44,1.0,73.94558901701178,True,0.0,0.0
45,0.6518987341772152,110.76949226149405,False,0.34810126582278483,0.0
46,0.90625,87.55072706459524,False,0.0,0.09375
48,0.9134199134199135,85.50654593439104,False,0.0,0.08658008658008658
52,1.0,86.96846696851242,True,0.0,0.0
57,0.583941605839416,109.48500203635122,False,0.41605839416058393,0.0
58,0.4489795918367347,84.25176018583387,False,0.5510204081632653,0.0
60,1.0,98.51786841907641,True,0.0,0.0
62,0.9666666666666667,73.75793894436084,False,0.03333333333333333,0.0
63,1.0,110.74291493365152,True,0.0,0.0
65,0.6470588235294118,98.02531027425833,False,0.35294117647058826,0.0
67,0.5878594249201278,88.45888279946004,False,0.0,0.41214057507987223
69,0.4171270718232044,74.53638702406596,False,0.0,0.5828729281767956
70,0.3284671532846715,86.40389846035103,False,0.6715328467153284,0.0
71,1.0,111.25500860895042,True,0.0,0.0
72,1.0,110.82000691179168,True,0.0,0.0
76,1.0,84.79319501252024,True,0.0,0.0
78,1.0,99.03020151067513,True,0.0,0.0
79,1.0,84.95451465873968,True,0.0,0.0
80,1.0,73.79722770527904,True,0.0,0.0
81,0.9916666666666667,98.14502970242678,False,0.0,0.008333333333333333
82,1.0,87.45229040933772,True,0.0,0.0
85,1.0,85.69100596378522,True,0.0,0.0
86,0.6618705035971223,85.70087504100293,False,0.0,0.3381294964028777
87,1.0,110.59214096439851,True,0.0,0.0
89,1.0,87.17208654086627,True,0.0,0.0
92,0.5718475073313783,86.68620123738644,False,0.0,0.4281524926686217
93,0.6193548387096774,73.38787849961767,False,0.38064516129032255,0.0
94,0.627906976744186,74.80055064883413,False,0.0,0.37209302325581395
96,0.5654761904761905,100.3962578366066,False,0.0,0.43452380952380953
97,1.0,112.25145959145978,True,0.0,0.0
98,0.967948717948718,97.55319790890636,False,0.03205128205128205,0.0
